case_id,system_name,predicted_intent,intent_confidence,draft_reply,handling_decision,decision_reason,evidence_case_ids,evidence_quotes,evidence_scores,safety_flags
tesco-2950175,simple_rules_bm25_v1,other_or_unclear,0.2,"@customer Hi <name_redacted>, thank you for getting back to us, the links are not working. However I am sure I know what the issue is. 1/2 @customer As the offer works in multiples of 3, as you have added a 7th item, it is saying you have missed a promotion based on the one item. Chris2/2",ESCALATE,IMAGE_OR_MISSING_CONTEXT,"[""tesco-867684""]","[""@customer Hi <name_redacted>, thank you for getting back to us, the links are not working. However I am sure I know what the issue is. 1/2 @customer As the offer works in multiples of 3, as you have added a 7th item, it is saying you have missed a promotion based on the one item. Chris2/2""]",[5.171831],"[""image_or_link_dependent"", ""short_message""]"
tesco-1726133,simple_rules_bm25_v1,store_or_staff_experience,0.79,"@customer Hey, <name_redacted>! If you know longer require your order, you can nip into store to refuse the parcel. You'll then receive a full refund 1/2 @customer Alternatively, DM me your order number full name and address and I'll see if I can arrange it from my end :) - Dawn 2/2",ESCALATE,REPEATED_FAILURE_OR_DISTRESS,"[""tesco-1935135""]","[""@customer Hey, <name_redacted>! If you know longer require your order, you can nip into store to refuse the parcel. You'll then receive a full refund 1/2 @customer Alternatively, DM me your order number full name and address and I'll see if I can arrange it from my end :) - Dawn 2/2""]",[21.075037],"[""repeated_failure""]"
tesco-570535,simple_rules_bm25_v1,other_or_unclear,0.2,"@customer Oops! Thanks for letting us know about the error, Caroline :) Please can you send me a photo of the barcode number and use by date? 1/2 @customer I'll happily report this on my system so our suppliers and Head Office are made aware - Mat 2/2",ESCALATE,IMAGE_OR_MISSING_CONTEXT,"[""tesco-1665884""]","[""@customer Oops! Thanks for letting us know about the error, Caroline :) Please can you send me a photo of the barcode number and use by date? 1/2 @customer I'll happily report this on my system so our suppliers and Head Office are made aware - Mat 2/2""]",[16.3216],"[""image_or_link_dependent""]"
tesco-585163,simple_rules_bm25_v1,delivery_or_collection,0.63,"@customer I'll need the full name and address registered to the Direct account and the order number please. I'll then be back in touch ASAP. Dee, 2/2 @customer Hi <name_redacted>, I'm sorry you've not been able to collect your order. If you DM me a few details then I'll be able to look into this for you. 1/2",ESCALATE,ACCOUNT_OR_ORDER_LOOKUP,"[""tesco-1702260""]","[""@customer I'll need the full name and address registered to the Direct account and the order number please. I'll then be back in touch ASAP. Dee, 2/2 @customer Hi <name_redacted>, I'm sorry you've not been able to collect your order. If you DM me a few details then I'll be able to look into this for you. 1/2""]",[21.080199],"[""repeated_failure""]"
tesco-2699352,simple_rules_bm25_v1,delivery_or_collection,0.87,"@customer Hi <name_redacted>, we have had some customers with the same issue, I have made some changes on your account so can you have another look? TY",ESCALATE,ACCOUNT_OR_ORDER_LOOKUP,"[""tesco-1703186""]","[""@customer Hi <name_redacted>, we have had some customers with the same issue, I have made some changes on your account so can you have another look? TY""]",[34.075386],"[""account_or_order"", ""punctuation_heavy"", ""repeated_failure""]"
tesco-516771,simple_rules_bm25_v1,delivery_or_collection,0.63,"@customer Hi <name_redacted>, Thanks for getting in touch, I'll be more than happy to help! Could you explain what the issue is? Thanks",ESCALATE,ACCOUNT_OR_ORDER_LOOKUP,"[""tesco-1456959""]","[""@customer Hi <name_redacted>, Thanks for getting in touch, I'll be more than happy to help! Could you explain what the issue is? Thanks""]",[23.190245],"[""punctuation_heavy"", ""repeated_failure"", ""strong_distress""]"
tesco-504344,simple_rules_bm25_v1,pricing_promotion_or_clubcard,0.63,"@customer Hi <name_redacted>, I'm sorry to learn the order was bagged inappropriately today. 1/3 @customer I appreciate this must have been disappointing to discover and and I'd like to address this with the store 1/2 @customer In order for me to do so can you please DM your full name, full address and email address? Thank you - Aneurin 3/3",ESCALATE,MONEY_OR_COMMITMENT,"[""tesco-1238251""]","[""@customer Hi <name_redacted>, I'm sorry to learn the order was bagged inappropriately today. 1/3 @customer I appreciate this must have been disappointing to discover and and I'd like to address this with the store 1/2 @customer In order for me to do so can you please DM your full name, full address and email address? Thank you - Aneurin 3/3""]",[15.486309],"[""money""]"
tesco-2824379,simple_rules_bm25_v1,delivery_or_collection,0.63,"@customer Hi, so that I can investigate why this is can you please DM me your full name, address and email address? This must be ever so frustrating and I would like to see what I can do to help. Thanks",ESCALATE,ACCOUNT_OR_ORDER_LOOKUP,"[""tesco-2349873""]","[""@customer Hi, so that I can investigate why this is can you please DM me your full name, address and email address? This must be ever so frustrating and I would like to see what I can do to help. Thanks""]",[18.379005],"[""punctuation_heavy"", ""strong_distress""]"
tesco-628221,simple_rules_bm25_v1,delivery_or_collection,0.63,"@customer Hi <name_redacted>, I'm really sorry to hear you were overcharged! You can take the receipt back to store or I can help over social media! 1/3 @customer If you'd like me to help, please DM me your name, address and postcode, and can you let me know how you were overcharged? 2/3 @customer Finally, a photo of the receipt, including the bottom row of digits on the receipt, if you can't get a photo you can type them out- Nick 3/3",ESCALATE,ACCOUNT_OR_ORDER_LOOKUP,"[""tesco-1269623""]","[""@customer Hi <name_redacted>, I'm really sorry to hear you were overcharged! You can take the receipt back to store or I can help over social media! 1/3 @customer If you'd like me to help, please DM me your name, address and postcode, and can you let me know how you were overcharged? 2/3 @customer Finally, a photo of the receipt, including the bottom row of digits on the receipt, if you can't get a photo you can type them out- Nick 3/3""]",[12.816503],"[""money""]"
tesco-496166,simple_rules_bm25_v1,delivery_or_collection,0.71,"@customer Hi <name_redacted>, I'm sorry you're having difficulty with the address your grocery order is being delivered to 1/3 @customer I'm afraid if you've chosen the wrong address you'll need to cancel the order and place a new one to the correct address 2/3 @customer If you require assistance with this please DM your full name, full address and email address. TY - Aneurin 3/3",ESCALATE,ACCOUNT_OR_ORDER_LOOKUP,"[""tesco-397828""]","[""@customer Hi <name_redacted>, I'm sorry you're having difficulty with the address your grocery order is being delivered to 1/3 @customer I'm afraid if you've chosen the wrong address you'll need to cancel the order and place a new one to the correct address 2/3 @customer If you require assistance with this please DM your full name, full address and email address. TY - Aneurin 3/3""]",[28.549048],[]
tesco-552728,simple_rules_bm25_v1,delivery_or_collection,0.63,"@customer I'm so sorry to hear this Emma, can you please DM me your full name, address &amp; email address so I can look into this for you? Thanks",ESCALATE,ACCOUNT_OR_ORDER_LOOKUP,"[""tesco-1884799""]","[""@customer I'm so sorry to hear this Emma, can you please DM me your full name, address &amp; email address so I can look into this for you? Thanks""]",[19.473038],"[""account_or_order"", ""punctuation_heavy"", ""repeated_failure"", ""strong_distress""]"
tesco-479890,simple_rules_bm25_v1,store_or_staff_experience,0.79,"@customer Hi <name_redacted>. This is great to hear, and I really appreciate you taking the time to get in touch! 1/2 @customer I've passed your message onto the store's Duty Manager to make sure our colleagues get the recognition they deserve! Thanks - Chris 2/2",ESCALATE,REPEATED_FAILURE_OR_DISTRESS,"[""tesco-1381182""]","[""@customer Hi <name_redacted>. This is great to hear, and I really appreciate you taking the time to get in touch! 1/2 @customer I've passed your message onto the store's Duty Manager to make sure our colleagues get the recognition they deserve! Thanks - Chris 2/2""]",[22.346849],[]
tesco-89598,simple_rules_bm25_v1,delivery_or_collection,0.79,"@customer Hi <name_redacted>, can you please send me a DM with your full name, address and order number so I can look into this? Thank you. Neil",ESCALATE,ACCOUNT_OR_ORDER_LOOKUP,"[""tesco-1323023""]","[""@customer Hi <name_redacted>, can you please send me a DM with your full name, address and order number so I can look into this? Thank you. Neil""]",[28.962892],"[""account_or_order"", ""punctuation_heavy"", ""repeated_failure""]"
tesco-2820812,simple_rules_bm25_v1,online_account_or_checkout,0.63,"@customer Hi there. We sent out vouchers at the start of November. If you had over 150 points by then you should have got some. I can double check for you if you DM me your name, address, email and Clubcard number. Thanks",ESCALATE,ACCOUNT_OR_ORDER_LOOKUP,"[""tesco-2366605""]","[""@customer Hi there. We sent out vouchers at the start of November. If you had over 150 points by then you should have got some. I can double check for you if you DM me your name, address, email and Clubcard number. Thanks""]",[20.589685],"[""account_or_order"", ""money""]"
tesco-64413,simple_rules_bm25_v1,store_or_staff_experience,0.63,"@customer Hi there, yeah I see what you mean there seems to be a lot of wear and tear for a 6 week old pair of shoes. 1/5 @customer I am very sorry and I totally understand why you would be unhappy with this product as they are certainly not fit for purpose at all. 2/5 @customer If you could pop back into one of our big stores with these and your receipt (if available) you will be entitled to a refund. :) 3/5 @customer I would also like to get this issue logged and fed back to the supplier. In order to do so I would need some details from you. 4/5 @customer So can you DM me your name, address and postcode. If you could also send me the barcode from the tag (if available). Thanks, Mike. 5/5",ESCALATE,IMAGE_OR_MISSING_CONTEXT,"[""tesco-1706964""]","[""@customer Hi there, yeah I see what you mean there seems to be a lot of wear and tear for a 6 week old pair of shoes. 1/5 @customer I am very sorry and I totally understand why you would be unhappy with this product as they are certainly not fit for purpose at all. 2/5 @customer If you could pop back into one of our big stores with these and your receipt (if available) you will be entitled to a refund. :) 3/5 @customer I would also like to get this issue logged and fed back to the supplier. In order to do so I would need some details from you. 4/5 @customer So can you DM me your name, address and postcode. If you could also send me the barcode from the tag (if available). Thanks, Mike. 5/5""]",[31.576014],"[""account_or_order"", ""image_or_link_dependent"", ""punctuation_heavy""]"
tesco-2899807,simple_rules_bm25_v1,feedback_praise_or_suggestion,0.63,"@customer We're pleased you liked them Pickle...but, you could have shared with Teagan 🙄",ESCALATE,IMAGE_OR_MISSING_CONTEXT,"[""tesco-1323999""]","[""@customer We're pleased you liked them Pickle...but, you could have shared with Teagan 🙄""]",[14.478573],"[""image_or_link_dependent""]"
tesco-562470,simple_rules_bm25_v1,delivery_or_collection,0.79,"@customer Hello <name_redacted>, I am sorry you had to wait while my colleague was delivering and I appreciate this must have been inconvenient for you. I will give the store a call when the department reopens later. TY @customer Hi <name_redacted>, thanks for your patience. I've passed all these details to the Home Shopping team in store and they will be addressing this with the driver. I'm confident this will not happen again. Thanks for letting me know.",ESCALATE,ACCOUNT_OR_ORDER_LOOKUP,"[""tesco-2261207""]","[""@customer Hello <name_redacted>, I am sorry you had to wait while my colleague was delivering and I appreciate this must have been inconvenient for you. I will give the store a call when the department reopens later. TY @customer Hi <name_redacted>, thanks for your patience. I've passed all these details to the Home Shopping team in store and they will be addressing this with the driver. I'm confident this will not happen again. Thanks for letting me know.""]",[19.963826],"[""account_or_order"", ""image_or_link_dependent""]"
tesco-599505,simple_rules_bm25_v1,delivery_or_collection,0.71,"@customer Hello <name_redacted>, I am sorry you are not receiving what you ordered and I appreciate this is inconvenient, can you please DM some info? 1/2 @customer I require your full name, address and email. I can log your feedback for further review. TY - Chris 2/2",ESCALATE,ACCOUNT_OR_ORDER_LOOKUP,"[""tesco-937973""]","[""@customer Hello <name_redacted>, I am sorry you are not receiving what you ordered and I appreciate this is inconvenient, can you please DM some info? 1/2 @customer I require your full name, address and email. I can log your feedback for further review. TY - Chris 2/2""]",[17.07771],[]
tesco-2890034,simple_rules_bm25_v1,other_or_unclear,0.2,"@customer Hi <name_redacted>, I completely agree with your frustration on this, to be told one thing and then driving all the way there to be told no. 1/3 @customer The store manager would be the best person to raise this complaint to as it is a store incident however I want to log this on our side. 2/3 @customer To do so can you please DM me with a few details? Your full name, address, store, time of visit and who did you speak to? Ty - Darren 3/3",ESCALATE,REPEATED_FAILURE_OR_DISTRESS,"[""tesco-983620""]","[""@customer Hi <name_redacted>, I completely agree with your frustration on this, to be told one thing and then driving all the way there to be told no. 1/3 @customer The store manager would be the best person to raise this complaint to as it is a store incident however I want to log this on our side. 2/3 @customer To do so can you please DM me with a few details? Your full name, address, store, time of visit and who did you speak to? Ty - Darren 3/3""]",[22.8446],"[""repeated_failure""]"
tesco-576221,simple_rules_bm25_v1,other_or_unclear,0.2,"@customer Hey <name_redacted>, I'd be happy to document your feedback for review, to do this can you DM your full name and email address? Ty - James <media_or_link>",ESCALATE,IMAGE_OR_MISSING_CONTEXT,"[""tesco-2368238""]","[""@customer Hey <name_redacted>, I'd be happy to document your feedback for review, to do this can you DM your full name and email address? Ty - James <media_or_link>""]",[21.566256],"[""image_or_link_dependent""]"
tesco-2848270,simple_rules_bm25_v1,feedback_praise_or_suggestion,0.63,"@customer You're welcome Stuart, if you need anything else don't hesitate to get back in touch :)",ESCALATE,IMAGE_OR_MISSING_CONTEXT,"[""tesco-1406338""]","[""@customer You're welcome Stuart, if you need anything else don't hesitate to get back in touch :)""]",[13.798287],"[""image_or_link_dependent""]"
tesco-2892572,simple_rules_bm25_v1,product_quality_or_safety,0.63,"@customer Hi <name_redacted>, I'm really sorry this has happened to you. I can log your feedback if you can DM me your full name, address and the store. TY Megan",ESCALATE,FOOD_SAFETY_OR_INJURY,"[""tesco-1912441""]","[""@customer Hi <name_redacted>, I'm really sorry this has happened to you. I can log your feedback if you can DM me your full name, address and the store. TY Megan""]",[13.382212],"[""injury_or_allergy""]"
tesco-2964734,simple_rules_bm25_v1,delivery_or_collection,0.63,@customer This isn't good to hear. Can you please DM where and when this specifically happened? Thanks,ESCALATE,ACCOUNT_OR_ORDER_LOOKUP,"[""tesco-1585485""]","[""@customer This isn't good to hear. Can you please DM where and when this specifically happened? Thanks""]",[17.953429],"[""image_or_link_dependent""]"
tesco-74931,simple_rules_bm25_v1,delivery_or_collection,0.63,"@customer Hey, can you try clearing your cache&amp;cookies and adding this to your basket again please? Many thanks",ESCALATE,ACCOUNT_OR_ORDER_LOOKUP,"[""tesco-997344""]","[""@customer Hey, can you try clearing your cache&amp;cookies and adding this to your basket again please? Many thanks""]",[20.474355],"[""image_or_link_dependent"", ""money""]"
tesco-2935489,simple_rules_bm25_v1,product_information,0.63,"@customer Hi there, I'm incredibly sorry you found a feather in this sandwich. This isn't acceptable at all! 1/4 @customer Please can you take the sandwich and packaging back to a Metro/Superstore/Extra store? 2/4 @customer We'll need to send the item off for investigation. You'll also be able to obtain a refund or exchange when in store. 3/4 @customer You'll then be contacted in 14 working days by our written response team who'll give you an outcome. TY - Olivia 4/4",ESCALATE,IMAGE_OR_MISSING_CONTEXT,"[""tesco-1130649""]","[""@customer Hi there, I'm incredibly sorry you found a feather in this sandwich. This isn't acceptable at all! 1/4 @customer Please can you take the sandwich and packaging back to a Metro/Superstore/Extra store? 2/4 @customer We'll need to send the item off for investigation. You'll also be able to obtain a refund or exchange when in store. 3/4 @customer You'll then be contacted in 14 working days by our written response team who'll give you an outcome. TY - Olivia 4/4""]",[12.861275],"[""image_or_link_dependent"", ""strong_distress""]"
tesco-76260,simple_rules_bm25_v1,online_account_or_checkout,0.71,"@customer Hi <name_redacted>, you can email our customer service team at __email__. Many thanks",ESCALATE,ACCOUNT_OR_ORDER_LOOKUP,"[""tesco-1455443""]","[""@customer Hi <name_redacted>, you can email our customer service team at __email__. Many thanks""]",[34.775976],"[""image_or_link_dependent"", ""money"", ""punctuation_heavy"", ""repeated_failure""]"
tesco-2267056,simple_rules_bm25_v1,delivery_or_collection,0.71,"@customer Hi <name_redacted>, thank you for getting in touch, I'm sorry you are unhappy with our new website, I'd like to log your feedback for review. 1/2 @customer Please can you DM what you're unhappy about, the full name, address &amp; email address registered to your grocery account? TY- Hannah. 2/2",ESCALATE,ACCOUNT_OR_ORDER_LOOKUP,"[""tesco-1145305""]","[""@customer Hi <name_redacted>, thank you for getting in touch, I'm sorry you are unhappy with our new website, I'd like to log your feedback for review. 1/2 @customer Please can you DM what you're unhappy about, the full name, address &amp; email address registered to your grocery account? TY- Hannah. 2/2""]",[18.425141],[]
tesco-497781,simple_rules_bm25_v1,other_or_unclear,0.2,"@customer Sorry to hear that, please can you DM your full name, address and the barcode number? I can then fully log your feedback.",ESCALATE,IMAGE_OR_MISSING_CONTEXT,"[""tesco-1991028""]","[""@customer Sorry to hear that, please can you DM your full name, address and the barcode number? I can then fully log your feedback.""]",[30.10103],"[""image_or_link_dependent""]"
tesco-2855864,simple_rules_bm25_v1,feedback_praise_or_suggestion,0.63,"@customer Hi <name_redacted>, please wait while I forward your query to our support team.",ESCALATE,FOOD_SAFETY_OR_INJURY,"[""tesco-1397423""]","[""@customer Hi <name_redacted>, please wait while I forward your query to our support team.""]",[22.498379],"[""food_safety""]"
tesco-577439,simple_rules_bm25_v1,other_or_unclear,0.2,"@customer We can make sure this is fed back, can you please DM your name &amp; email address? Ty",ESCALATE,IMAGE_OR_MISSING_CONTEXT,"[""tesco-1046155""]","[""@customer We can make sure this is fed back, can you please DM your name &amp; email address? Ty""]",[17.517666],"[""image_or_link_dependent"", ""punctuation_heavy""]"
tesco-79513,simple_rules_bm25_v1,product_information,0.63,"@customer I'm sorry for the damaged party rings, Caroline. I imagine this was disappointing. 1/3 @customer Please can you DM your name, address, store bought, price and pic of date and barcode area on the packet? 2/3 @customer I'd like to refund you via Tesco Moneycard. Charlotte 3/3 <media_or_link>",ESCALATE,IMAGE_OR_MISSING_CONTEXT,"[""tesco-1068676""]","[""@customer I'm sorry for the damaged party rings, Caroline. I imagine this was disappointing. 1/3 @customer Please can you DM your name, address, store bought, price and pic of date and barcode area on the packet? 2/3 @customer I'd like to refund you via Tesco Moneycard. Charlotte 3/3 <media_or_link>""]",[16.066033],"[""image_or_link_dependent""]"
tesco-2937805,simple_rules_bm25_v1,feedback_praise_or_suggestion,0.63,@customer Glad we could help 😊,ESCALATE,IMAGE_OR_MISSING_CONTEXT,"[""tesco-2151270""]","[""@customer Glad we could help 😊""]",[17.483061],"[""image_or_link_dependent""]"
tesco-106393,simple_rules_bm25_v1,other_or_unclear,0.2,"@customer Hi <name_redacted>, Thanks for your tweet, Can you DM us your full name, address, postcode and nearest store details and I will be able to check our list of stores that will have the Kellogs advent calender available? Ty",ESCALATE,OUT_OF_SCOPE_OR_UNCLEAR,"[""tesco-2398468""]","[""@customer Hi <name_redacted>, Thanks for your tweet, Can you DM us your full name, address, postcode and nearest store details and I will be able to check our list of stores that will have the Kellogs advent calender available? Ty""]",[16.440822],[]
tesco-2908618,simple_rules_bm25_v1,store_or_staff_experience,0.63,"@customer Hi <name_redacted>, I'm sorry for the confusion. The £1 will be returned within a couple of days. 1/2 @customer £1 charge is pre-authorisation check and the deduction is made to check that there are no blocks on the card. TY - Eve 2/2",ESCALATE,IMAGE_OR_MISSING_CONTEXT,"[""tesco-1616847""]","[""@customer Hi <name_redacted>, I'm sorry for the confusion. The £1 will be returned within a couple of days. 1/2 @customer £1 charge is pre-authorisation check and the deduction is made to check that there are no blocks on the card. TY - Eve 2/2""]",[15.528023],"[""image_or_link_dependent"", ""money""]"
tesco-2839331,simple_rules_bm25_v1,pricing_promotion_or_clubcard,0.63,"@customer No problem Karen, I hope that you have a good day. Thanks",ESCALATE,MONEY_OR_COMMITMENT,"[""tesco-1443484""]","[""@customer No problem Karen, I hope that you have a good day. Thanks""]",[20.445003],"[""image_or_link_dependent"", ""punctuation_heavy"", ""repeated_failure"", ""strong_distress""]"
tesco-2934771,simple_rules_bm25_v1,other_or_unclear,0.2,@customer It's that time of year again 🙌 What's your go to meal deal now that it's back on the shelves?,ESCALATE,OUT_OF_SCOPE_OR_UNCLEAR,"[""tesco-2544225""]","[""@customer It's that time of year again 🙌 What's your go to meal deal now that it's back on the shelves?""]",[27.486814],[]
tesco-1971968,simple_rules_bm25_v1,product_availability,0.71,"@customer Morning <name_redacted> :) Interesting sounding product! Where have you seen this advertised? I've not been able to find my end, sorry",ESCALATE,CURRENT_POLICY_OR_LIVE_INFO,"[""tesco-832788""]","[""@customer Morning <name_redacted> :) Interesting sounding product! Where have you seen this advertised? I've not been able to find my end, sorry""]",[23.157502],[]
tesco-2885411,simple_rules_bm25_v1,store_or_staff_experience,0.63,"@customer Hi <name_redacted>. You wouldn't get both the crisps AND the chocolate bar, as they are both snack options. It's one or the other. Hope this helps",ESCALATE,REPEATED_FAILURE_OR_DISTRESS,"[""tesco-1913012""]","[""@customer Hi <name_redacted>. You wouldn't get both the crisps AND the chocolate bar, as they are both snack options. It's one or the other. Hope this helps""]",[26.407299],"[""strong_distress""]"
tesco-568003,simple_rules_bm25_v1,feedback_praise_or_suggestion,0.63,@customer What's the plan Liv? Going to watch a local display or having a gathering of your own? 😇🎆,ESCALATE,REPEATED_FAILURE_OR_DISTRESS,"[""tesco-1560113""]","[""@customer What's the plan Liv? Going to watch a local display or having a gathering of your own? 😇🎆""]",[14.995351],"[""punctuation_heavy"", ""strong_distress""]"
tesco-2920812,simple_rules_bm25_v1,other_or_unclear,0.2,"@customer Hi there, enjoy your meal :) Paras",ESCALATE,OUT_OF_SCOPE_OR_UNCLEAR,"[""tesco-1445674""]","[""@customer Hi there, enjoy your meal :) Paras""]",[13.739645],"[""punctuation_heavy""]"
tesco-2960691,simple_rules_bm25_v1,refund_return_or_exchange,0.63,@customer I'll reply to your DM shortly :),ESCALATE,MONEY_OR_COMMITMENT,"[""tesco-2357131""]","[""@customer I'll reply to your DM shortly :)""]",[32.251922],"[""image_or_link_dependent"", ""money"", ""punctuation_heavy"", ""strong_distress""]"
tesco-2827775,simple_rules_bm25_v1,store_or_staff_experience,0.63,"@customer Hi <name_redacted>, the Store Manager would be able to address any concerns, we can pass it to them if you'd like to DM the details? Thanks, Leah. <media_or_link>",ESCALATE,REPEATED_FAILURE_OR_DISTRESS,"[""tesco-1842829""]","[""@customer Hi <name_redacted>, the Store Manager would be able to address any concerns, we can pass it to them if you'd like to DM the details? Thanks, Leah. <media_or_link>""]",[21.633453],"[""money"", ""repeated_failure""]"
tesco-2846465,simple_rules_bm25_v1,pricing_promotion_or_clubcard,0.71,"@customer Hi <name_redacted>, previous Clubcard collection period ends 19/10/17. You will receive your Clubcard statement in mid November. TY",ESCALATE,MONEY_OR_COMMITMENT,"[""tesco-1316608""]","[""@customer Hi <name_redacted>, previous Clubcard collection period ends 19/10/17. You will receive your Clubcard statement in mid November. TY""]",[34.229459],"[""money""]"
tesco-504331,simple_rules_bm25_v1,delivery_or_collection,0.63,"@customer Hi <name_redacted>, I'm so sorry for the delay in getting back to you and that you're waiting for your order. Can you DM me a few details please? 1/2 @customer I'll need the order number and the full name and address registered to the Direct account. I'll then be back in touch ASAP. TY, Dee. 2/2",ESCALATE,ACCOUNT_OR_ORDER_LOOKUP,"[""tesco-2040150""]","[""@customer Hi <name_redacted>, I'm so sorry for the delay in getting back to you and that you're waiting for your order. Can you DM me a few details please? 1/2 @customer I'll need the order number and the full name and address registered to the Direct account. I'll then be back in touch ASAP. TY, Dee. 2/2""]",[23.763823],"[""repeated_failure""]"
tesco-454997,simple_rules_bm25_v1,other_or_unclear,0.2,"@customer Hi <name_redacted>, I'd like to look into this what store are you referring to? Ty",ESCALATE,OUT_OF_SCOPE_OR_UNCLEAR,"[""tesco-1575497""]","[""@customer Hi <name_redacted>, I'd like to look into this what store are you referring to? Ty""]",[18.902771],[]
tesco-536216,simple_rules_bm25_v1,delivery_or_collection,0.63,"@customer I don't have a store listed on Gorgie Road, is it this one? <media_or_link> If so, they opened at 7am Fraser. I hope this helps, Leah.",ESCALATE,ACCOUNT_OR_ORDER_LOOKUP,"[""tesco-2668904""]","[""@customer I don't have a store listed on Gorgie Road, is it this one? <media_or_link> If so, they opened at 7am Fraser. I hope this helps, Leah.""]",[23.276798],"[""image_or_link_dependent"", ""strong_distress""]"
tesco-475220,simple_rules_bm25_v1,other_or_unclear,0.2,"@customer Hi <name_redacted>, I'm sorry you didn't enjoy your bacon rashers last night. I have asked my support team to look into this and will get back to you ASAP to let you know :-) TY @customer Hi again Simon, my support team have come back to me and have informed there has been a slight modification to the recipe since last August. There has been a new bacon seasoning added. 1/2 @customer I can log your feedback on our system to inform them of your comments. If you send me some info in a DM I can do this. I would need your full name, address and postcode as well as which store you purchased the bacon rashers. TY - Steph 2/2",ESCALATE,IMAGE_OR_MISSING_CONTEXT,"[""tesco-2394834""]","[""@customer Hi <name_redacted>, I'm sorry you didn't enjoy your bacon rashers last night. I have asked my support team to look into this and will get back to you ASAP to let you know :-) TY @customer Hi again Simon, my support team have come back to me and have informed there has been a slight modification to the recipe since last August. There has been a new bacon seasoning added. 1/2 @customer I can log your feedback on our system to inform them of your comments. If you send me some info in a DM I can do this. I would need your full name, address and postcode as well as which store you purchased the bacon rashers. TY - Steph 2/2""]",[21.626043],"[""image_or_link_dependent"", ""repeated_failure""]"
tesco-1868285,simple_rules_bm25_v1,delivery_or_collection,0.63,"@customer Hi, I do apologise about this. Can you please DM us with your full name, address and also order number? TY",ESCALATE,ACCOUNT_OR_ORDER_LOOKUP,"[""tesco-2217730""]","[""@customer Hi, I do apologise about this. Can you please DM us with your full name, address and also order number? TY""]",[23.577642],"[""account_or_order"", ""repeated_failure""]"
tesco-2896686,simple_rules_bm25_v1,delivery_or_collection,0.63,"@customer Hi <name_redacted>, I have replied to your private tweet. Thanks - Gemma :)",ESCALATE,ACCOUNT_OR_ORDER_LOOKUP,"[""tesco-1849973""]","[""@customer Hi <name_redacted>, I have replied to your private tweet. Thanks - Gemma :)""]",[20.939474],"[""context_dependent"", ""image_or_link_dependent"", ""punctuation_heavy"", ""strong_distress""]"
tesco-573793,simple_rules_bm25_v1,other_or_unclear,0.2,"@customer I am very sorry about this Hassan, our store now closes at 22:00",ESCALATE,OUT_OF_SCOPE_OR_UNCLEAR,"[""tesco-2266272""]","[""@customer I am very sorry about this Hassan, our store now closes at 22:00""]",[15.642542],[]
tesco-2841165,simple_rules_bm25_v1,feedback_praise_or_suggestion,0.63,"@customer Hi <name_redacted>, I'm sorry for any confusion, did you alert my colleagues in store to this? If not, can you let me know which store it is? TY",ESCALATE,IMAGE_OR_MISSING_CONTEXT,"[""tesco-1958925""]","[""@customer Hi <name_redacted>, I'm sorry for any confusion, did you alert my colleagues in store to this? If not, can you let me know which store it is? TY""]",[15.738173],"[""image_or_link_dependent""]"
tesco-2913751,simple_rules_bm25_v1,other_or_unclear,0.2,"@customer Hello <name_redacted>, I am sorry, can you please elaborate on how Delivery Saver is taking money from customers? Can you please DM your full name, address and email? I can log your feedback. TY",ESCALATE,OUT_OF_SCOPE_OR_UNCLEAR,"[""tesco-2799251""]","[""@customer Hello <name_redacted>, I am sorry, can you please elaborate on how Delivery Saver is taking money from customers? Can you please DM your full name, address and email? I can log your feedback. TY""]",[19.583563],"[""money""]"
tesco-454716,simple_rules_bm25_v1,other_or_unclear,0.2,"@customer Hi <name_redacted>, I'm terribly sorry to see this! Not the level of quality we expect our customers to receive! I'd like to get this logged and fed back to the suppliers as well refund you for the item 1/3 @customer To do this could you DM me your name, address, email, the barcode and supplier code of the item, the store you purchased the item from and the price you paid? 2/3 @customer Would you prefer your refund sent via post or email? Finally do I have your permission to forward your details to our supplier? TY - Martin 3/3",ESCALATE,IMAGE_OR_MISSING_CONTEXT,"[""tesco-2236810""]","[""@customer Hi <name_redacted>, I'm terribly sorry to see this! Not the level of quality we expect our customers to receive! I'd like to get this logged and fed back to the suppliers as well refund you for the item 1/3 @customer To do this could you DM me your name, address, email, the barcode and supplier code of the item, the store you purchased the item from and the price you paid? 2/3 @customer Would you prefer your refund sent via post or email? Finally do I have your permission to forward your details to our supplier? TY - Martin 3/3""]",[27.274364],"[""image_or_link_dependent""]"
tesco-93970,simple_rules_bm25_v1,product_availability,0.63,@customer Hi <name_redacted>. I will happily log your interest in this product for you. To allow me to do this can you DM me your full name and email address? Thank you. - Alisha :),ESCALATE,CURRENT_POLICY_OR_LIVE_INFO,"[""tesco-2537703""]","[""@customer Hi <name_redacted>. I will happily log your interest in this product for you. To allow me to do this can you DM me your full name and email address? Thank you. - Alisha :)""]",[11.730357],[]
tesco-2930442,simple_rules_bm25_v1,product_quality_or_safety,0.63,"@customer Hello K, I am truly so sorry to see this! I can complete understand your anger and I sincerely hope your 5 year old is ok. 1/5 @customer I have spoken to the store and gotten them to check the rest of the stock and an assure you everything else in is date. 2/5 @customer Given how serious this is I would like to have this investigated immediately to find out how this has happened! As well as reimburse you 3/5 @customer Could you please DM me your name, address, postcode, email, a photo of the barcode and supplier code. 4/5 @customer Would you prefer the refund via an email or sent in the post? - Martin 5/5",ESCALATE,FOOD_SAFETY_OR_INJURY,"[""tesco-1705565""]","[""@customer Hello K, I am truly so sorry to see this! I can complete understand your anger and I sincerely hope your 5 year old is ok. 1/5 @customer I have spoken to the store and gotten them to check the rest of the stock and an assure you everything else in is date. 2/5 @customer Given how serious this is I would like to have this investigated immediately to find out how this has happened! As well as reimburse you 3/5 @customer Could you please DM me your name, address, postcode, email, a photo of the barcode and supplier code. 4/5 @customer Would you prefer the refund via an email or sent in the post? - Martin 5/5""]",[27.246972],"[""image_or_link_dependent"", ""injury_or_allergy"", ""strong_distress""]"
tesco-446932,simple_rules_bm25_v1,product_quality_or_safety,0.63,"@customer Hi <name_redacted>, I'm sorry your grapes were mouldy. Can you DM us your full name, address and postcode? 1/3 @customer Can we pass on your details to our supplier? - Jay 3/3 @customer Also can we have the barcode, SC code and the price of the grapes so we can log this and refund you? 2/3",ESCALATE,FOOD_SAFETY_OR_INJURY,"[""tesco-2682334""]","[""@customer Hi <name_redacted>, I'm sorry your grapes were mouldy. Can you DM us your full name, address and postcode? 1/3 @customer Can we pass on your details to our supplier? - Jay 3/3 @customer Also can we have the barcode, SC code and the price of the grapes so we can log this and refund you? 2/3""]",[18.383876],"[""food_safety"", ""image_or_link_dependent"", ""money""]"
tesco-2871186,simple_rules_bm25_v1,pricing_promotion_or_clubcard,0.71,"@customer Hi <name_redacted>, really sorry that your ribs seem a little short of a rack! I'd like to log this on our system and refund you for them. 1/4 @customer Could you DM me your name, address, email address as well as a picture of the suppler, date and supplier code on the packaging? 2/4 @customer Also could you take a picture of the bottom of the bottom of your receipt for me? 3/4 @customer Lastly, would it be okay to pass your details on to our supplier in case they wish to contact you? Thanks - Peter 4/4",ESCALATE,MONEY_OR_COMMITMENT,"[""tesco-1096048""]","[""@customer Hi <name_redacted>, really sorry that your ribs seem a little short of a rack! I'd like to log this on our system and refund you for them. 1/4 @customer Could you DM me your name, address, email address as well as a picture of the suppler, date and supplier code on the packaging? 2/4 @customer Also could you take a picture of the bottom of the bottom of your receipt for me? 3/4 @customer Lastly, would it be okay to pass your details on to our supplier in case they wish to contact you? Thanks - Peter 4/4""]",[17.431207],"[""image_or_link_dependent"", ""money"", ""punctuation_heavy"", ""strong_distress""]"
tesco-2957901,simple_rules_bm25_v1,delivery_or_collection,0.63,"@customer Good afternoon, <name_redacted> sorry to learn that a security tag has been left on this item. Can you please DM me with your name, address and order number? Thanks. Arif",ESCALATE,ACCOUNT_OR_ORDER_LOOKUP,"[""tesco-2544241""]","[""@customer Good afternoon, <name_redacted> sorry to learn that a security tag has been left on this item. Can you please DM me with your name, address and order number? Thanks. Arif""]",[17.924822],"[""account_or_order"", ""image_or_link_dependent""]"
tesco-502703,simple_rules_bm25_v1,other_or_unclear,0.2,"@customer I'm sorry to see the sausages you purchased were not of the quality you would expect Rob. 1/3 @customer Did you bring this up with my colleagues in the store at the time? Can you advise what was said? Also can you DM some information? 2/3 @customer Your full name, address, price paid and clear copy of your receipt? TY - Jayne 3/3",ESCALATE,IMAGE_OR_MISSING_CONTEXT,"[""tesco-720880""]","[""@customer I'm sorry to see the sausages you purchased were not of the quality you would expect Rob. 1/3 @customer Did you bring this up with my colleagues in the store at the time? Can you advise what was said? Also can you DM some information? 2/3 @customer Your full name, address, price paid and clear copy of your receipt? TY - Jayne 3/3""]",[14.279887],"[""image_or_link_dependent""]"
tesco-2830203,simple_rules_bm25_v1,delivery_or_collection,0.71,"@customer Hi <name_redacted> thanks for getting in touch, if you follow my link it will take you to all the information you need on our Christmas slots :) <media_or_link> hope this helps",ESCALATE,ACCOUNT_OR_ORDER_LOOKUP,"[""tesco-2473856""]","[""@customer Hi <name_redacted> thanks for getting in touch, if you follow my link it will take you to all the information you need on our Christmas slots :) <media_or_link> hope this helps""]",[20.519415],"[""account_or_order""]"
tesco-535394,simple_rules_bm25_v1,product_availability,0.63,"@customer Hi <name_redacted>, I'm going to look into this and get back to you as soon as I can. Thanks @customer Hi <name_redacted>, I'm very sorry you have been unable to find the quorn nuggets in store. 1/2 @customer Next time your in store if you go to the customer service desk you can ask if these can be restocked again. Kind Regards - Stacey 2/2",ESCALATE,CURRENT_POLICY_OR_LIVE_INFO,"[""tesco-1608718""]","[""@customer Hi <name_redacted>, I'm going to look into this and get back to you as soon as I can. Thanks @customer Hi <name_redacted>, I'm very sorry you have been unable to find the quorn nuggets in store. 1/2 @customer Next time your in store if you go to the customer service desk you can ask if these can be restocked again. Kind Regards - Stacey 2/2""]",[21.185013],[]
tesco-518960,simple_rules_bm25_v1,online_account_or_checkout,0.63,"@customer Hi <name_redacted>, sorry your lunch is ruined daily. The duty manager I spoke to was unaware of the issue but is currently investigating it.",ESCALATE,ACCOUNT_OR_ORDER_LOOKUP,"[""tesco-1779862""]","[""@customer Hi <name_redacted>, sorry your lunch is ruined daily. The duty manager I spoke to was unaware of the issue but is currently investigating it.""]",[18.418177],"[""repeated_failure""]"
tesco-2611817,simple_rules_bm25_v1,store_or_staff_experience,0.63,"@customer Hi <name_redacted>, sorry for the misunderstanding, we are working hard to have everything converted to the new £1 over the next few weeks. Lawrence",ESCALATE,REPEATED_FAILURE_OR_DISTRESS,"[""tesco-1884759""]","[""@customer Hi <name_redacted>, sorry for the misunderstanding, we are working hard to have everything converted to the new £1 over the next few weeks. Lawrence""]",[23.407632],[]
tesco-2888931,simple_rules_bm25_v1,store_or_staff_experience,0.79,"@customer Hi <name_redacted>, very sorry that the operator walked away from you. Can you tell me the exact store this occurred in through DM? 1/2 @customer Could you also give me a description of the operator, a name and the time this occurred at? TY - Jay 2/2",ESCALATE,REPEATED_FAILURE_OR_DISTRESS,"[""tesco-874097""]","[""@customer Hi <name_redacted>, very sorry that the operator walked away from you. Can you tell me the exact store this occurred in through DM? 1/2 @customer Could you also give me a description of the operator, a name and the time this occurred at? TY - Jay 2/2""]",[15.676695],[]
tesco-555532,simple_rules_bm25_v1,other_or_unclear,0.2,"@customer Hi, our clear goal for our customers is to be competitive on petrol and diesel in the local catchment area for each store, so Tesco does not operate with one national price. This is the case with all other petrol retailers in the UK. 1/2 @customer I hope this clears things up for you and if there's ever anything else, please don't hesitate to get in touch :). - Peter 2/2",ESCALATE,OUT_OF_SCOPE_OR_UNCLEAR,"[""tesco-2643838""]","[""@customer Hi, our clear goal for our customers is to be competitive on petrol and diesel in the local catchment area for each store, so Tesco does not operate with one national price. This is the case with all other petrol retailers in the UK. 1/2 @customer I hope this clears things up for you and if there's ever anything else, please don't hesitate to get in touch :). - Peter 2/2""]",[10.608394],[]
tesco-2883065,simple_rules_bm25_v1,delivery_or_collection,0.71,"@customer Hi <name_redacted>, these would be sold based on weight and not size, can you please DM your full name, address and email? I can log your feedback.",ESCALATE,ACCOUNT_OR_ORDER_LOOKUP,"[""tesco-1443482""]","[""@customer Hi <name_redacted>, these would be sold based on weight and not size, can you please DM your full name, address and email? I can log your feedback.""]",[14.131367],"[""image_or_link_dependent""]"
tesco-2888917,simple_rules_bm25_v1,online_account_or_checkout,0.71,@customer Hi <name_redacted>. I've responded to your DM :) Kind regards,ESCALATE,ACCOUNT_OR_ORDER_LOOKUP,"[""tesco-778364""]","[""@customer Hi <name_redacted>. I've responded to your DM :) Kind regards""]",[30.224513],"[""image_or_link_dependent"", ""money""]"
tesco-2898277,simple_rules_bm25_v1,refund_return_or_exchange,0.63,"@customer Hi <name_redacted>, I have just DM'd you. Feel free to answer:) Thanks, Calum",ESCALATE,MONEY_OR_COMMITMENT,"[""tesco-2176953""]","[""@customer Hi <name_redacted>, I have just DM'd you. Feel free to answer:) Thanks, Calum""]",[12.478524],[]
tesco-77780,simple_rules_bm25_v1,delivery_or_collection,0.63,"@customer Hi <name_redacted>, I have responded to your DM. Thanks",ESCALATE,ACCOUNT_OR_ORDER_LOOKUP,"[""tesco-2978915""]","[""@customer Hi <name_redacted>, I have responded to your DM. Thanks""]",[16.165516],"[""money""]"
tesco-1773780,simple_rules_bm25_v1,product_quality_or_safety,0.63,"@customer Thank you for coming back Jalen, I will arrange for a colleague to chase this up with the store when they open. TY @customer Hi <name_redacted>, the pay@pump stations aren't available after midnight either, it should've been coned off not to allow entry. 1/2 @customer I'm really sorry for the inconvenience caused but I hope this helps to prevent any future inconvenience. Thanks, Leah. 2/2",ESCALATE,FOOD_SAFETY_OR_INJURY,"[""tesco-2084628""]","[""@customer Thank you for coming back Jalen, I will arrange for a colleague to chase this up with the store when they open. TY @customer Hi <name_redacted>, the pay@pump stations aren't available after midnight either, it should've been coned off not to allow entry. 1/2 @customer I'm really sorry for the inconvenience caused but I hope this helps to prevent any future inconvenience. Thanks, Leah. 2/2""]",[28.149332],"[""food_safety"", ""image_or_link_dependent"", ""money"", ""punctuation_heavy"", ""repeated_failure""]"
tesco-547281,simple_rules_bm25_v1,other_or_unclear,0.2,"@customer Wow, they look really good! I hope they tasted as good as they look. :)",ESCALATE,IMAGE_OR_MISSING_CONTEXT,"[""tesco-1574518""]","[""@customer Wow, they look really good! I hope they tasted as good as they look. :)""]",[8.735968],"[""image_or_link_dependent"", ""short_message""]"
tesco-2784862,simple_rules_bm25_v1,delivery_or_collection,0.79,"@customer Hi <name_redacted>, I am sorry you have been encountering issues with your deliveries recently. Please advise if the shopping has arrived today? 1/2 @customer Please DM your full name, address and email address and I will look into it for you #HappyToHelp - Julie 2/2",ESCALATE,ACCOUNT_OR_ORDER_LOOKUP,"[""tesco-1949356""]","[""@customer Hi <name_redacted>, I am sorry you have been encountering issues with your deliveries recently. Please advise if the shopping has arrived today? 1/2 @customer Please DM your full name, address and email address and I will look into it for you #HappyToHelp - Julie 2/2""]",[22.735119],"[""account_or_order""]"
tesco-2943803,simple_rules_bm25_v1,other_or_unclear,0.2,"@customer Hey <name_redacted>, oh dear! Can you screenshot the error messages you're receiving? Ty",ESCALATE,OUT_OF_SCOPE_OR_UNCLEAR,"[""tesco-1958930""]","[""@customer Hey <name_redacted>, oh dear! Can you screenshot the error messages you're receiving? Ty""]",[14.125514],[]
tesco-2964726,simple_rules_bm25_v1,feedback_praise_or_suggestion,0.63,"@customer Hey there, I see exactly what you mean, there is certainly nothing welcoming about that. 1/2 @customer Can you please let me know which store this was and the time of you visit so that I can contact the store regarding this? Thanks",ESCALATE,FOOD_SAFETY_OR_INJURY,"[""tesco-4985""]","[""@customer Hey there, I see exactly what you mean, there is certainly nothing welcoming about that. 1/2 @customer Can you please let me know which store this was and the time of you visit so that I can contact the store regarding this? Thanks""]",[17.291567],"[""food_safety""]"
tesco-2963388,simple_rules_bm25_v1,online_account_or_checkout,0.63,"@customer Hi <name_redacted>. I have just spoken to my colleague in the store. She has told me that click and collect doesn't actually open until 10am and there is a sign outside click and collect showing this. I'm sorry for the inconvenience! Thanks, Calum",ESCALATE,ACCOUNT_OR_ORDER_LOOKUP,"[""tesco-2539163""]","[""@customer Hi <name_redacted>. I have just spoken to my colleague in the store. She has told me that click and collect doesn't actually open until 10am and there is a sign outside click and collect showing this. I'm sorry for the inconvenience! Thanks, Calum""]",[27.674576],"[""punctuation_heavy"", ""repeated_failure"", ""strong_distress""]"
tesco-541729,simple_rules_bm25_v1,store_or_staff_experience,0.79,"@customer Hi <name_redacted>, I'm sorry to hear that you didn't manage to shop quickly. I will log your feedback on our internal system for review. 1/2 @customer Could you also please describe the appearance of the colleague you spoke with, your full name and address or e-mail, store location? TY - Eve 2/2",ESCALATE,REPEATED_FAILURE_OR_DISTRESS,"[""tesco-2486196""]","[""@customer Hi <name_redacted>, I'm sorry to hear that you didn't manage to shop quickly. I will log your feedback on our internal system for review. 1/2 @customer Could you also please describe the appearance of the colleague you spoke with, your full name and address or e-mail, store location? TY - Eve 2/2""]",[18.443589],[]
tesco-2946158,simple_rules_bm25_v1,delivery_or_collection,0.79,"@customer Hi <name_redacted>! I'm really sorry to hear all your items are not ready for collection. Can I start with a few details and we'll look into this for you? Please DM your order number, full name and full address and we'll update you. :) TY",ESCALATE,ACCOUNT_OR_ORDER_LOOKUP,"[""tesco-2365069""]","[""@customer Hi <name_redacted>! I'm really sorry to hear all your items are not ready for collection. Can I start with a few details and we'll look into this for you? Please DM your order number, full name and full address and we'll update you. :) TY""]",[30.690562],"[""account_or_order""]"
tesco-2818165,simple_rules_bm25_v1,feedback_praise_or_suggestion,0.63,"@customer Hi <name_redacted>, I'm sorry that this wasn't taken off. Can you DM me your full name, address and store you returned it to? TY. - Mart <media_or_link>",ESCALATE,IMAGE_OR_MISSING_CONTEXT,"[""tesco-1932859""]","[""@customer Hi <name_redacted>, I'm sorry that this wasn't taken off. Can you DM me your full name, address and store you returned it to? TY. - Mart <media_or_link>""]",[16.254972],"[""image_or_link_dependent""]"
tesco-2938775,simple_rules_bm25_v1,delivery_or_collection,0.63,@customer Hi there. I just spoke to the duty manager and they confirmed the escalator is due to be fixed by Christmas so hopefully it won't be an inconvenience much longer. Sorry about that,ESCALATE,FOOD_SAFETY_OR_INJURY,"[""tesco-2572874""]","[""@customer Hi there. I just spoke to the duty manager and they confirmed the escalator is due to be fixed by Christmas so hopefully it won't be an inconvenience much longer. Sorry about that""]",[26.94775],"[""injury_or_allergy"", ""punctuation_heavy"", ""repeated_failure""]"
tesco-2893982,simple_rules_bm25_v1,other_or_unclear,0.2,"@customer Hi there, thank you for getting in touch, I'm sorry to see that your bananas weren't quite 'ripe and ready'. 1/4 @customer Please can you DM the full name, address and email address registered to your grocery account? 2/4 @customer Also, the weight on the packaging and your permission to pass these details to our suppliers? 3/4 @customer I will ensure this issue is logged for review by our suppliers and also refund you for your purchase. TY- Hannah. 4/4",ESCALATE,IMAGE_OR_MISSING_CONTEXT,"[""tesco-1180699""]","[""@customer Hi there, thank you for getting in touch, I'm sorry to see that your bananas weren't quite 'ripe and ready'. 1/4 @customer Please can you DM the full name, address and email address registered to your grocery account? 2/4 @customer Also, the weight on the packaging and your permission to pass these details to our suppliers? 3/4 @customer I will ensure this issue is logged for review by our suppliers and also refund you for your purchase. TY- Hannah. 4/4""]",[12.571362],"[""image_or_link_dependent""]"
tesco-2975092,simple_rules_bm25_v1,online_account_or_checkout,0.71,"@customer Hi <name_redacted>, we are not currently aware of any issues, can you please delete the cache and cookies and try again. TY",ESCALATE,ACCOUNT_OR_ORDER_LOOKUP,"[""tesco-1199131""]","[""@customer Hi <name_redacted>, we are not currently aware of any issues, can you please delete the cache and cookies and try again. TY""]",[24.630239],"[""punctuation_heavy""]"
tesco-95893,simple_rules_bm25_v1,delivery_or_collection,0.63,"@customer Hello <name_redacted>, can you try clearing cache and cookies on your browser? If that doesn't work try a different browser instead. Let me know how you get on! TY",ESCALATE,ACCOUNT_OR_ORDER_LOOKUP,"[""tesco-2394840""]","[""@customer Hello <name_redacted>, can you try clearing cache and cookies on your browser? If that doesn't work try a different browser instead. Let me know how you get on! TY""]",[22.481557],"[""image_or_link_dependent""]"
tesco-2933230,simple_rules_bm25_v1,product_quality_or_safety,0.63,"@customer Hi <name_redacted>, I'm sorry to hear this. There's nothing worse than finding rogue seeds in your orange. I would like to log this feedback internally to be reviewed by relevant departments. 1/2 @customer Could you DM me your name, address as well as the product barcode? Thanks - Peter 2/2",ESCALATE,FOOD_SAFETY_OR_INJURY,"[""tesco-2421144""]","[""@customer Hi <name_redacted>, I'm sorry to hear this. There's nothing worse than finding rogue seeds in your orange. I would like to log this feedback internally to be reviewed by relevant departments. 1/2 @customer Could you DM me your name, address as well as the product barcode? Thanks - Peter 2/2""]",[20.96621],"[""food_safety"", ""image_or_link_dependent"", ""punctuation_heavy"", ""strong_distress""]"
tesco-2941541,simple_rules_bm25_v1,delivery_or_collection,0.63,"@customer Can you please confirm your full name, full address and email address so I can help? Thanks - Aneurin 2/2",ESCALATE,ACCOUNT_OR_ORDER_LOOKUP,"[""tesco-1177974""]","[""@customer Can you please confirm your full name, full address and email address so I can help? Thanks - Aneurin 2/2""]",[25.251499],[]
tesco-1986657,simple_rules_bm25_v1,store_or_staff_experience,0.63,"@customer Hi <name_redacted>, thanks for getting in touch we are currently looking into this and will get back to you as soon as we can. Thanks @customer Hi <name_redacted>, I can let you know the store are no longer running this promotion on Ben &amp; Jerry's. 1/2 @customer They are instead running this promotion on Chicago town pizza and Häagen-DazsIce cream. Ty - Darren 2/2",ESCALATE,FOOD_SAFETY_OR_INJURY,"[""tesco-1287741""]","[""@customer Hi <name_redacted>, thanks for getting in touch we are currently looking into this and will get back to you as soon as we can. Thanks @customer Hi <name_redacted>, I can let you know the store are no longer running this promotion on Ben &amp; Jerry's. 1/2 @customer They are instead running this promotion on Chicago town pizza and Häagen-DazsIce cream. Ty - Darren 2/2""]",[42.287787],"[""image_or_link_dependent"", ""injury_or_allergy"", ""money"", ""punctuation_heavy""]"
tesco-603618,simple_rules_bm25_v1,store_or_staff_experience,0.63,"@customer Hi <name_redacted>, I am very sorry about this. Please return the bottle to your local Super/Extra/Metro Store, they can do a product report. 1/2 @customer Please let our colleagues on the customer service desk know if you would like a response from head office - Allyn 2/2",ESCALATE,IMAGE_OR_MISSING_CONTEXT,"[""tesco-2539172""]","[""@customer Hi <name_redacted>, I am very sorry about this. Please return the bottle to your local Super/Extra/Metro Store, they can do a product report. 1/2 @customer Please let our colleagues on the customer service desk know if you would like a response from head office - Allyn 2/2""]",[17.822197],"[""image_or_link_dependent""]"
tesco-564560,simple_rules_bm25_v1,delivery_or_collection,0.63,"@customer Hi <name_redacted>, please can you send the footage? We will then be able to investigate.",ESCALATE,ACCOUNT_OR_ORDER_LOOKUP,"[""tesco-2643992""]","[""@customer Hi <name_redacted>, please can you send the footage? We will then be able to investigate.""]",[20.055386],"[""punctuation_heavy""]"
tesco-83748,simple_rules_bm25_v1,online_account_or_checkout,0.71,"@customer Hi <name_redacted>, If you would like I can log your feedback about this issue. If you would like me to can you please DM me some details? 1/2 @customer Can you send your name, address, postcode, email address. Once I have these details I will get this logged. Thanks - Callum 2/2",ESCALATE,ACCOUNT_OR_ORDER_LOOKUP,"[""tesco-2607100""]","[""@customer Hi <name_redacted>, If you would like I can log your feedback about this issue. If you would like me to can you please DM me some details? 1/2 @customer Can you send your name, address, postcode, email address. Once I have these details I will get this logged. Thanks - Callum 2/2""]",[18.216433],"[""account_or_order"", ""strong_distress""]"
tesco-2846456,simple_rules_bm25_v1,store_or_staff_experience,0.71,@customer Hi <name_redacted>. I'm sorry you have something to complain about. 1/2 @customer Could you please specify what the complaint is and I can see if I can resolve it for you. Thanks Calum,ESCALATE,REPEATED_FAILURE_OR_DISTRESS,"[""tesco-895056""]","[""@customer Hi <name_redacted>. I'm sorry you have something to complain about. 1/2 @customer Could you please specify what the complaint is and I can see if I can resolve it for you. Thanks Calum""]",[19.179141],[]
tesco-100237,simple_rules_bm25_v1,delivery_or_collection,0.63,"@customer Hi there, I'm sorry to learn there is money being held in your bank account 1/3 @customer I would advise contacting your card issuer about this as we don't have a way of releasing the funds 2/3 @customer Should you need any additional assistance please let me know - Aneurin 3/3",ESCALATE,ACCOUNT_OR_ORDER_LOOKUP,"[""tesco-1535779""]","[""@customer Hi there, I'm sorry to learn there is money being held in your bank account 1/3 @customer I would advise contacting your card issuer about this as we don't have a way of releasing the funds 2/3 @customer Should you need any additional assistance please let me know - Aneurin 3/3""]",[17.798862],[]
tesco-2832260,simple_rules_bm25_v1,delivery_or_collection,0.71,"@customer Hi <name_redacted>, are you able to DM us to explain this further please? TY - Paige <media_or_link>",ESCALATE,ACCOUNT_OR_ORDER_LOOKUP,"[""tesco-803632""]","[""@customer Hi <name_redacted>, are you able to DM us to explain this further please? TY - Paige <media_or_link>""]",[18.386907],"[""account_or_order"", ""punctuation_heavy""]"
tesco-2943844,simple_rules_bm25_v1,other_or_unclear,0.2,@customer #Exciting 🙌 Are you going with a particular colour scheme this year?,ESCALATE,OUT_OF_SCOPE_OR_UNCLEAR,"[""tesco-2269491""]","[""@customer #Exciting 🙌 Are you going with a particular colour scheme this year?""]",[16.761157],[]
tesco-2963385,simple_rules_bm25_v1,other_or_unclear,0.2,"@customer Can you please DM me a few of your details such as full name, full address and I will get this logged. Thanks - Lee 2/2 @customer Hi there, sorry to hear we haven't got any glittery Christmas wrapping paper and I'd like me to log this for future review. 1/2",ESCALATE,OUT_OF_SCOPE_OR_UNCLEAR,"[""tesco-1769491""]","[""@customer Can you please DM me a few of your details such as full name, full address and I will get this logged. Thanks - Lee 2/2 @customer Hi there, sorry to hear we haven't got any glittery Christmas wrapping paper and I'd like me to log this for future review. 1/2""]",[15.994317],[]
tesco-524365,simple_rules_bm25_v1,store_or_staff_experience,0.63,"@customer That's great, thanks for letting us know :) We're here if anything else pops up. Charlotte",ESCALATE,REPEATED_FAILURE_OR_DISTRESS,"[""tesco-1693985""]","[""@customer That's great, thanks for letting us know :) We're here if anything else pops up. Charlotte""]",[21.170552],"[""punctuation_heavy"", ""repeated_failure"", ""strong_distress""]"
tesco-2837814,simple_rules_bm25_v1,product_information,0.63,"@customer Hi, <name_redacted> be more than happy to log this suggestion on our system. Could you DM me your full name and address please? TY",ESCALATE,CURRENT_POLICY_OR_LIVE_INFO,"[""tesco-1928050""]","[""@customer Hi, <name_redacted> be more than happy to log this suggestion on our system. Could you DM me your full name and address please? TY""]",[20.485607],"[""punctuation_heavy"", ""repeated_failure""]"
tesco-70745,simple_rules_bm25_v1,other_or_unclear,0.2,"@customer Hi <name_redacted>, thanks for getting in touch. I'm really sorry your cookies were open already and I can imagine it's frustrating 1/4 @customer Could you please DM your name, address &amp; email? May I please have how much you paid and the store you bought it from? 2/4 @customer Could I please also have the barcode, supplier code, batch code and date code? A picture will do! :) 3/4 @customer May I have your permission to pass your details to our supplier &amp; if you'd like a post or email refund? TY - Robyn 4/4",ESCALATE,IMAGE_OR_MISSING_CONTEXT,"[""tesco-1626770""]","[""@customer Hi <name_redacted>, thanks for getting in touch. I'm really sorry your cookies were open already and I can imagine it's frustrating 1/4 @customer Could you please DM your name, address &amp; email? May I please have how much you paid and the store you bought it from? 2/4 @customer Could I please also have the barcode, supplier code, batch code and date code? A picture will do! :) 3/4 @customer May I have your permission to pass your details to our supplier &amp; if you'd like a post or email refund? TY - Robyn 4/4""]",[14.828813],"[""image_or_link_dependent"", ""punctuation_heavy""]"
tesco-2939802,simple_rules_bm25_v1,delivery_or_collection,0.63,@customer No problem Tim. That's what we're here for. Let us know if you need anything else. Thanks,ESCALATE,ACCOUNT_OR_ORDER_LOOKUP,"[""tesco-2544286""]","[""@customer No problem Tim. That's what we're here for. Let us know if you need anything else. Thanks""]",[17.303816],"[""image_or_link_dependent"", ""money""]"
tesco-2833771,simple_rules_bm25_v1,online_account_or_checkout,0.63,"@customer Hi <name_redacted>, I'm not a vegan myself so I'm afraid I've not heard of the veganaise product that everyone's loving. 1/3 @customer Are you able to give me a bit more info about it and also let me know which store you use most? 2/3 @customer I can have a look into this further for you. :) Kind regards - Calum. 3/3",ESCALATE,ACCOUNT_OR_ORDER_LOOKUP,"[""tesco-807942""]","[""@customer Hi <name_redacted>, I'm not a vegan myself so I'm afraid I've not heard of the veganaise product that everyone's loving. 1/3 @customer Are you able to give me a bit more info about it and also let me know which store you use most? 2/3 @customer I can have a look into this further for you. :) Kind regards - Calum. 3/3""]",[14.638931],[]
tesco-2489376,simple_rules_bm25_v1,delivery_or_collection,0.87,"@customer Sorry Charlotte I'm afraid that you can't use a giftcard on grocery orders, sorry for any inconvenience this causes. Thanks",ESCALATE,ACCOUNT_OR_ORDER_LOOKUP,"[""tesco-2383774""]","[""@customer Sorry Charlotte I'm afraid that you can't use a giftcard on grocery orders, sorry for any inconvenience this causes. Thanks""]",[23.355738],"[""money"", ""punctuation_heavy""]"
tesco-547270,simple_rules_bm25_v1,product_quality_or_safety,0.71,"@customer Hi <name_redacted>. I'm so sorry you were able to purchase out of date bread from us. I can understand this is concerning. 1/2 @customer Please can you send us a DM with your full name, address and where and when you purchased the bread? 2/2",ESCALATE,FOOD_SAFETY_OR_INJURY,"[""tesco-988408""]","[""@customer Hi <name_redacted>. I'm so sorry you were able to purchase out of date bread from us. I can understand this is concerning. 1/2 @customer Please can you send us a DM with your full name, address and where and when you purchased the bread? 2/2""]",[18.361904],"[""food_safety"", ""image_or_link_dependent""]"
tesco-583105,simple_rules_bm25_v1,store_or_staff_experience,0.63,"@customer Hi <name_redacted>, it's Halloween weekend. Apologies for any offence caused. Have a great weekend - Laura :)",ESCALATE,REPEATED_FAILURE_OR_DISTRESS,"[""tesco-1385355""]","[""@customer Hi <name_redacted>, it's Halloween weekend. Apologies for any offence caused. Have a great weekend - Laura :)""]",[17.444163],[]
tesco-2905888,simple_rules_bm25_v1,other_or_unclear,0.2,"@customer Hi there, I've spoken with the store and they are aware of this situation. 1/3 @customer It is being dealt with, however, sometimes they can't oversee customers taking trolleys away. 2/3 @customer Could you please let me know whether these trolleys next Rotherhithe police station are still there? TY - Eve 3/3",ESCALATE,OUT_OF_SCOPE_OR_UNCLEAR,"[""tesco-1571095""]","[""@customer Hi there, I've spoken with the store and they are aware of this situation. 1/3 @customer It is being dealt with, however, sometimes they can't oversee customers taking trolleys away. 2/3 @customer Could you please let me know whether these trolleys next Rotherhithe police station are still there? TY - Eve 3/3""]",[10.654802],[]
tesco-2822709,simple_rules_bm25_v1,delivery_or_collection,0.63,"@customer Hi there! Can you please DM your full name, address and email so I can check this? Can you also try re-adding your account address?",ESCALATE,ACCOUNT_OR_ORDER_LOOKUP,"[""tesco-652770""]","[""@customer Hi there! Can you please DM your full name, address and email so I can check this? Can you also try re-adding your account address?""]",[17.002867],"[""account_or_order"", ""money"", ""repeated_failure""]"
tesco-2865525,simple_rules_bm25_v1,other_or_unclear,0.2,"@customer Hi <name_redacted>, I'm sorry your avocado was inedible. Can you DM me your name, full address, email and the store you purchased it from? 1/4 @customer Can you also supply the barcode, by/best before date, batch code, Supplier code, photo receipt and the price. 2/4 @customer I will feed it back to the supplier. Are you happy for me to pass your details to the also? 3/4 @customer I can send out a moneycard as a refund by post or email. Can you let me know what you prefer? TY - Jill 4/4",ESCALATE,IMAGE_OR_MISSING_CONTEXT,"[""tesco-2094361""]","[""@customer Hi <name_redacted>, I'm sorry your avocado was inedible. Can you DM me your name, full address, email and the store you purchased it from? 1/4 @customer Can you also supply the barcode, by/best before date, batch code, Supplier code, photo receipt and the price. 2/4 @customer I will feed it back to the supplier. Are you happy for me to pass your details to the also? 3/4 @customer I can send out a moneycard as a refund by post or email. Can you let me know what you prefer? TY - Jill 4/4""]",[16.078309],"[""image_or_link_dependent"", ""strong_distress""]"
tesco-2895435,simple_rules_bm25_v1,other_or_unclear,0.2,"@customer Hi <name_redacted>, I'm sorry to learn you've received this email but haven't cancelled the plan yourself 1/3 @customer I appreciate this must be confusing and concerning and I'd like to investigate this further 2/3 @customer In order for me to do so can you please DM your full name, full address and email address? Thank you - Aneurin 3/3",ESCALATE,IMAGE_OR_MISSING_CONTEXT,"[""tesco-1861909""]","[""@customer Hi <name_redacted>, I'm sorry to learn you've received this email but haven't cancelled the plan yourself 1/3 @customer I appreciate this must be confusing and concerning and I'd like to investigate this further 2/3 @customer In order for me to do so can you please DM your full name, full address and email address? Thank you - Aneurin 3/3""]",[18.849307],"[""image_or_link_dependent"", ""punctuation_heavy""]"
tesco-577442,simple_rules_bm25_v1,online_account_or_checkout,0.71,"@customer Hey <name_redacted>, Tesco Pay+ cannot be incorporated into Apple Wallet however you can pay + collect your points simultaneously with Tesco Pay+. Mo",ESCALATE,ACCOUNT_OR_ORDER_LOOKUP,"[""tesco-1789149""]","[""@customer Hey <name_redacted>, Tesco Pay+ cannot be incorporated into Apple Wallet however you can pay + collect your points simultaneously with Tesco Pay+. Mo""]",[21.783496],"[""account_or_order""]"
tesco-510576,simple_rules_bm25_v1,delivery_or_collection,0.87,"@customer Hi there, please can you DM us the name or description of the colleague in question? Also, the time and date you were in store? I'd like to ensure this is fed back to management. TY",ESCALATE,ACCOUNT_OR_ORDER_LOOKUP,"[""tesco-398424""]","[""@customer Hi there, please can you DM us the name or description of the colleague in question? Also, the time and date you were in store? I'd like to ensure this is fed back to management. TY""]",[27.367368],"[""account_or_order"", ""money"", ""punctuation_heavy"", ""repeated_failure"", ""strong_distress""]"
tesco-508905,simple_rules_bm25_v1,delivery_or_collection,0.63,"@customer Hi there, I'm so sorry! Please can you DM your full name, address and email address so I can look in this for you? TY",ESCALATE,ACCOUNT_OR_ORDER_LOOKUP,"[""tesco-1930325""]","[""@customer Hi there, I'm so sorry! Please can you DM your full name, address and email address so I can look in this for you? TY""]",[14.487429],"[""account_or_order"", ""punctuation_heavy""]"
tesco-2848277,simple_rules_bm25_v1,feedback_praise_or_suggestion,0.63,"@customer Hi <name_redacted>, If you let me know which store you left the magazine in I could try and track it down for you :).",ESCALATE,IMAGE_OR_MISSING_CONTEXT,"[""tesco-813198""]","[""@customer Hi <name_redacted>, If you let me know which store you left the magazine in I could try and track it down for you :).""]",[13.654257],"[""image_or_link_dependent""]"
tesco-2219694,simple_rules_bm25_v1,online_account_or_checkout,0.63,"@customer Hi <name_redacted>, I am sorry to hear a Chicken nugget was missing! Can you DM more details to us? We'd like to let our suppliers know. 1/3 @customer We'll have your full name, full address, date and store purchased, price paid and the best before/batch number. 2/3 @customer Finally, let us know if you are okay for us to pass this back to our suppliers? Hope to hear from you soon. TY - David 3/3",ESCALATE,ACCOUNT_OR_ORDER_LOOKUP,"[""tesco-881346""]","[""@customer Hi <name_redacted>, I am sorry to hear a Chicken nugget was missing! Can you DM more details to us? We'd like to let our suppliers know. 1/3 @customer We'll have your full name, full address, date and store purchased, price paid and the best before/batch number. 2/3 @customer Finally, let us know if you are okay for us to pass this back to our suppliers? Hope to hear from you soon. TY - David 3/3""]",[16.022185],"[""image_or_link_dependent"", ""money""]"
tesco-2956325,simple_rules_bm25_v1,store_or_staff_experience,0.63,"@customer Hi <name_redacted>, what a surprise you must of had, I would like to log your comments is that okay? Can you DM me some details please? 1/2 @customer I would require your full name, full address and email. Ty, Andy 2/2",ESCALATE,FOOD_SAFETY_OR_INJURY,"[""tesco-1199558""]","[""@customer Hi <name_redacted>, what a surprise you must of had, I would like to log your comments is that okay? Can you DM me some details please? 1/2 @customer I would require your full name, full address and email. Ty, Andy 2/2""]",[26.883795],"[""food_safety"", ""image_or_link_dependent"", ""injury_or_allergy"", ""punctuation_heavy""]"
tesco-2899827,simple_rules_bm25_v1,online_account_or_checkout,0.63,"@customer @customer Hi <name_redacted>, I can check further into this for you which flavour are you referring too? Can you DM me your postcode please?",ESCALATE,FOOD_SAFETY_OR_INJURY,"[""tesco-1849684""]","[""@customer @customer Hi <name_redacted>, I can check further into this for you which flavour are you referring too? Can you DM me your postcode please?""]",[15.933835],"[""account_or_order"", ""injury_or_allergy""]"
tesco-73791,simple_rules_bm25_v1,refund_return_or_exchange,0.63,"@customer Hi <name_redacted>, sorry to hear this, I would like to log your feedback, can you DM me with your details please? 1/2 @customer Full name, full address, can you also confirm your time, date of your visit, and also if this is our superstore? Regards, Andy 2/2",ESCALATE,MONEY_OR_COMMITMENT,"[""tesco-1174875""]","[""@customer Hi <name_redacted>, sorry to hear this, I would like to log your feedback, can you DM me with your details please? 1/2 @customer Full name, full address, can you also confirm your time, date of your visit, and also if this is our superstore? Regards, Andy 2/2""]",[17.157982],"[""image_or_link_dependent"", ""money""]"
tesco-2893964,simple_rules_bm25_v1,online_account_or_checkout,0.63,"@customer Hi there, I'm sorry but I have looked into this and unfortunately we don't. I hope this helps. Thank you",ESCALATE,ACCOUNT_OR_ORDER_LOOKUP,"[""tesco-2541355""]","[""@customer Hi there, I'm sorry but I have looked into this and unfortunately we don't. I hope this helps. Thank you""]",[35.303989],"[""money""]"
tesco-547256,simple_rules_bm25_v1,pricing_promotion_or_clubcard,0.71,"@customer Are you referring to a Tesco Direct order Russell? If you DM me with your full name, address and order number I can explain what's happened. <media_or_link>",ESCALATE,MONEY_OR_COMMITMENT,"[""tesco-1874598""]","[""@customer Are you referring to a Tesco Direct order Russell? If you DM me with your full name, address and order number I can explain what's happened. <media_or_link>""]",[17.712862],"[""image_or_link_dependent"", ""money""]"
tesco-550091,simple_rules_bm25_v1,delivery_or_collection,0.79,@customer Hmmm 🤔 How about something a little different? #EveryLittleHelps <media_or_link>,ESCALATE,ACCOUNT_OR_ORDER_LOOKUP,"[""tesco-1302724""]","[""@customer Hmmm 🤔 How about something a little different? #EveryLittleHelps <media_or_link>""]",[17.957056],"[""account_or_order""]"
tesco-2965892,simple_rules_bm25_v1,store_or_staff_experience,0.63,"@customer I'm glad you managed to get one in the end. :-) If there's anything else, please do get back in touch. TY",ESCALATE,IMAGE_OR_MISSING_CONTEXT,"[""tesco-1156465""]","[""@customer I'm glad you managed to get one in the end. :-) If there's anything else, please do get back in touch. TY""]",[24.501647],"[""image_or_link_dependent""]"
tesco-2577726,simple_rules_bm25_v1,online_account_or_checkout,0.71,"@customer Hi there, I'm so sorry! Are both transactions debited or is the following a pending transaction? Thanks",ESCALATE,ACCOUNT_OR_ORDER_LOOKUP,"[""tesco-1555184""]","[""@customer Hi there, I'm so sorry! Are both transactions debited or is the following a pending transaction? Thanks""]",[27.604558],"[""account_or_order"", ""image_or_link_dependent"", ""money""]"
tesco-1053285,simple_rules_bm25_v1,other_or_unclear,0.2,"@customer Hi <name_redacted>, I have recorded your feedback with reference 2312725 for further review. TY",ESCALATE,OUT_OF_SCOPE_OR_UNCLEAR,"[""tesco-1034351""]","[""@customer Hi <name_redacted>, I have recorded your feedback with reference 2312725 for further review. TY""]",[19.44226],[]
tesco-2913739,simple_rules_bm25_v1,product_quality_or_safety,0.63,"@customer Hi there, I'm terribly sorry about that. If you can return to store with your receipt you can get an exchange or refund for the poor quality product. TY",ESCALATE,FOOD_SAFETY_OR_INJURY,"[""tesco-2646548""]","[""@customer Hi there, I'm terribly sorry about that. If you can return to store with your receipt you can get an exchange or refund for the poor quality product. TY""]",[14.138566],"[""food_safety"", ""image_or_link_dependent""]"
tesco-97692,simple_rules_bm25_v1,delivery_or_collection,0.71,"@customer Hi <name_redacted>, sorry to hear of the issues you are having, can you please explain a little more about what the issue seems to be? TY",ESCALATE,ACCOUNT_OR_ORDER_LOOKUP,"[""tesco-1908778""]","[""@customer Hi <name_redacted>, sorry to hear of the issues you are having, can you please explain a little more about what the issue seems to be? TY""]",[18.577974],"[""account_or_order""]"
tesco-552753,simple_rules_bm25_v1,other_or_unclear,0.2,"@customer Hi <name_redacted>, thank you for getting back to us, the links are not working. However I am sure I know what the issue is. 1/2 @customer As the offer works in multiples of 3, as you have added a 7th item, it is saying you have missed a promotion based on the one item. Chris2/2",ESCALATE,IMAGE_OR_MISSING_CONTEXT,"[""tesco-867684""]","[""@customer Hi <name_redacted>, thank you for getting back to us, the links are not working. However I am sure I know what the issue is. 1/2 @customer As the offer works in multiples of 3, as you have added a 7th item, it is saying you have missed a promotion based on the one item. Chris2/2""]",[5.171831],"[""image_or_link_dependent"", ""short_message""]"
tesco-2844532,simple_rules_bm25_v1,delivery_or_collection,0.71,"@customer Hi <name_redacted> - Jane, I';m sorry about this, can you DM your name, address and email and elaborate a little more on your issue please?",ESCALATE,ACCOUNT_OR_ORDER_LOOKUP,"[""tesco-1046737""]","[""@customer Hi <name_redacted> - Jane, I';m sorry about this, can you DM your name, address and email and elaborate a little more on your issue please?""]",[19.667246],"[""account_or_order""]"
tesco-2846417,simple_rules_bm25_v1,delivery_or_collection,0.63,@customer I'm sorry there's a delay with your order. Please DM me your details if you require assistance. - Mart <media_or_link>,ESCALATE,ACCOUNT_OR_ORDER_LOOKUP,"[""tesco-1892220""]","[""@customer I'm sorry there's a delay with your order. Please DM me your details if you require assistance. - Mart <media_or_link>""]",[28.866276],"[""account_or_order"", ""punctuation_heavy""]"
tesco-584179,simple_rules_bm25_v1,store_or_staff_experience,0.63,"@customer Hi <name_redacted>, I'm glad your question has been answered! Let me know if I can help with anything else :) Charlotte",ESCALATE,REPEATED_FAILURE_OR_DISTRESS,"[""tesco-1563307""]","[""@customer Hi <name_redacted>, I'm glad your question has been answered! Let me know if I can help with anything else :) Charlotte""]",[16.458379],[]
tesco-583097,simple_rules_bm25_v1,other_or_unclear,0.2,"@customer Hi <name_redacted>, we have the Free From Vanilla cake kit and Free From Chocolate Christmas Pudding kits available. Thanks",ESCALATE,OUT_OF_SCOPE_OR_UNCLEAR,"[""tesco-1433803""]","[""@customer Hi <name_redacted>, we have the Free From Vanilla cake kit and Free From Chocolate Christmas Pudding kits available. Thanks""]",[17.81469],[]
tesco-587554,simple_rules_bm25_v1,online_account_or_checkout,0.63,"@customer Hi <name_redacted>, I'm sorry you were able to purchase out of date Coke. This is not acceptable. We take things like this very seriously. 1/4 @customer I've spoke to one of my colleagues in store and they are going to check the rest of the stock to make sure this doesn't happen again. 2/4 @customer I would also like to log this on to our internal system and refund you via Tesco Moneycard, for me to do this can you DM the following? 3/4 @customer Your full name, full address, email address and the barcode. Kindest regards - Kirsten 4/4",ESCALATE,ACCOUNT_OR_ORDER_LOOKUP,"[""tesco-1502119""]","[""@customer Hi <name_redacted>, I'm sorry you were able to purchase out of date Coke. This is not acceptable. We take things like this very seriously. 1/4 @customer I've spoke to one of my colleagues in store and they are going to check the rest of the stock to make sure this doesn't happen again. 2/4 @customer I would also like to log this on to our internal system and refund you via Tesco Moneycard, for me to do this can you DM the following? 3/4 @customer Your full name, full address, email address and the barcode. Kindest regards - Kirsten 4/4""]",[15.880641],[]
tesco-590187,simple_rules_bm25_v1,product_quality_or_safety,0.63,"@customer Hi <name_redacted>, my colleagues at store of purchase can get a receipt if a Clubcard or debit/credit card used, within 30 days of transaction.",ESCALATE,IMAGE_OR_MISSING_CONTEXT,"[""tesco-1306136""]","[""@customer Hi <name_redacted>, my colleagues at store of purchase can get a receipt if a Clubcard or debit/credit card used, within 30 days of transaction.""]",[19.715246],"[""image_or_link_dependent""]"
tesco-2923097,simple_rules_bm25_v1,product_quality_or_safety,0.63,"@customer Hi there, I'm ever so sorry about the out of date Couscous you have purchased. I can totally understand the frustration caused by this. 1/3 @customer If you can DM your name, address, email address, store name, price paid? I'll ensure you're reimbursed in the form of a Tesco Moneycard. 2/3 @customer As well as documenting this on our system, and notifying the store of the matter. Regards - Isaac 3/3",ESCALATE,FOOD_SAFETY_OR_INJURY,"[""tesco-1334467""]","[""@customer Hi there, I'm ever so sorry about the out of date Couscous you have purchased. I can totally understand the frustration caused by this. 1/3 @customer If you can DM your name, address, email address, store name, price paid? I'll ensure you're reimbursed in the form of a Tesco Moneycard. 2/3 @customer As well as documenting this on our system, and notifying the store of the matter. Regards - Isaac 3/3""]",[13.398596],"[""injury_or_allergy""]"
tesco-452145,simple_rules_bm25_v1,store_or_staff_experience,0.63,"@customer Hi <name_redacted>, I've checked our Dunfermline store for you and can confirm that we're ranging this line, and they have good availability. 1/2 @customer Just to confirm that this is the line that you're referring to? <media_or_link> Regards - Isaac 2/2",ESCALATE,REPEATED_FAILURE_OR_DISTRESS,"[""tesco-1135322""]","[""@customer Hi <name_redacted>, I've checked our Dunfermline store for you and can confirm that we're ranging this line, and they have good availability. 1/2 @customer Just to confirm that this is the line that you're referring to? <media_or_link> Regards - Isaac 2/2""]",[22.571165],[]
tesco-508884,simple_rules_bm25_v1,other_or_unclear,0.2,"@customer Hi <name_redacted>, can you please return the mug, packaging and receipt to one of our large stores? Thanks",ESCALATE,FOOD_SAFETY_OR_INJURY,"[""tesco-2220541""]","[""@customer Hi <name_redacted>, can you please return the mug, packaging and receipt to one of our large stores? Thanks""]",[25.340017],"[""food_safety""]"
tesco-2519910,simple_rules_bm25_v1,other_or_unclear,0.2,"@customer Hi <name_redacted>. I'm so sorry about this! I'd like to send you a Tesco Moneycard as a refund and feed this incident back to our supplier. 1/4 @customer Your Moneycard can be sent via email or by post, can you confirm which you’d prefer? 2/4 @customer So I can do this, can you DM me your full name, address, email address, postcode, barcode, SC code, price paid and store this came from? 3/4 @customer Also, would it be okay to pass your details onto our supplier? As they may want to get in touch with you. Thank you. Alisha 4/4",ESCALATE,IMAGE_OR_MISSING_CONTEXT,"[""tesco-1087887""]","[""@customer Hi <name_redacted>. I'm so sorry about this! I'd like to send you a Tesco Moneycard as a refund and feed this incident back to our supplier. 1/4 @customer Your Moneycard can be sent via email or by post, can you confirm which you’d prefer? 2/4 @customer So I can do this, can you DM me your full name, address, email address, postcode, barcode, SC code, price paid and store this came from? 3/4 @customer Also, would it be okay to pass your details onto our supplier? As they may want to get in touch with you. Thank you. Alisha 4/4""]",[19.609252],"[""image_or_link_dependent"", ""punctuation_heavy""]"
tesco-2934029,simple_rules_bm25_v1,delivery_or_collection,0.63,"@customer Hi there. We sent out vouchers at the start of November. If you had over 150 points by then you should have got some. I can double check for you if you DM me your name, address, email and Clubcard number. Thanks",ESCALATE,ACCOUNT_OR_ORDER_LOOKUP,"[""tesco-2366605""]","[""@customer Hi there. We sent out vouchers at the start of November. If you had over 150 points by then you should have got some. I can double check for you if you DM me your name, address, email and Clubcard number. Thanks""]",[25.521109],"[""repeated_failure""]"
tesco-461646,simple_rules_bm25_v1,delivery_or_collection,0.71,"@customer Hi <name_redacted>, sorry again for the delay. I can see that the courier now has your order but it's still at their sorting depot. It looks likely this won't be delivered until tomorrow at the earliest. Please accept my apologies. Regards",ESCALATE,ACCOUNT_OR_ORDER_LOOKUP,"[""tesco-2236901""]","[""@customer Hi <name_redacted>, sorry again for the delay. I can see that the courier now has your order but it's still at their sorting depot. It looks likely this won't be delivered until tomorrow at the earliest. Please accept my apologies. Regards""]",[19.819585],"[""account_or_order""]"
tesco-2831183,simple_rules_bm25_v1,pricing_promotion_or_clubcard,0.71,"@customer Hi there, I'm sorry this was in your raspberries. I would love to refund you and feed this back to the suppliers on your behalf. 1/3 @customer Can you please DM me your name, full address, barcode, batch and supplier code and the store you bought these in. 2/3 @customer Can I pass your details onto the supplier? I can refund you either by post or email, please let me know whats best for you. TY - Jill 3/3",ESCALATE,MONEY_OR_COMMITMENT,"[""tesco-2094387""]","[""@customer Hi there, I'm sorry this was in your raspberries. I would love to refund you and feed this back to the suppliers on your behalf. 1/3 @customer Can you please DM me your name, full address, barcode, batch and supplier code and the store you bought these in. 2/3 @customer Can I pass your details onto the supplier? I can refund you either by post or email, please let me know whats best for you. TY - Jill 3/3""]",[18.932508],"[""image_or_link_dependent"", ""money""]"
tesco-2258735,simple_rules_bm25_v1,feedback_praise_or_suggestion,0.63,"@customer Hi <name_redacted>, thank you for your feedback regarding our Christmas advert. We welcome everyone's thoughts and feedback so please rest assured that we have passed this to our Marketing Teams for the future. Thank you",AUTO_HANDLE,NO_ACTION_NEEDED,"[""tesco-2349871""]","[""@customer Hi <name_redacted>, thank you for your feedback regarding our Christmas advert. We welcome everyone's thoughts and feedback so please rest assured that we have passed this to our Marketing Teams for the future. Thank you""]",[17.236114],[]
tesco-104151,simple_rules_bm25_v1,delivery_or_collection,0.71,"@customer So I can look into this for you Rozi, can you see if the TV is available on this link? <media_or_link> TY",ESCALATE,ACCOUNT_OR_ORDER_LOOKUP,"[""tesco-414545""]","[""@customer So I can look into this for you Rozi, can you see if the TV is available on this link? <media_or_link> TY""]",[29.947883],"[""punctuation_heavy"", ""repeated_failure""]"
tesco-2912314,simple_rules_bm25_v1,other_or_unclear,0.2,"@customer Hi there, I am sorry to hear you didn't enjoy our Chicken korma, I would like to log your feedback. Can you DM me some details please? 1/3 @customer Your full name, full address, email, barcode, SC code, expiry date, and the store you purchased from, a summary of your experience too 2/3 @customer Kind regards, Andy. 3/3",ESCALATE,OUT_OF_SCOPE_OR_UNCLEAR,"[""tesco-1081582""]","[""@customer Hi there, I am sorry to hear you didn't enjoy our Chicken korma, I would like to log your feedback. Can you DM me some details please? 1/3 @customer Your full name, full address, email, barcode, SC code, expiry date, and the store you purchased from, a summary of your experience too 2/3 @customer Kind regards, Andy. 3/3""]",[17.727896],[]
tesco-481148,simple_rules_bm25_v1,pricing_promotion_or_clubcard,0.63,"@customer Hi <name_redacted>, some of our deals on Clubcard Boost must be posted. This is because the attraction requires a physical token to be handed over. 1/2 @customer I'm really sorry for any inconvenience caused. Thanks, Jessica 2/2",ESCALATE,MONEY_OR_COMMITMENT,"[""tesco-1258330""]","[""@customer Hi <name_redacted>, some of our deals on Clubcard Boost must be posted. This is because the attraction requires a physical token to be handed over. 1/2 @customer I'm really sorry for any inconvenience caused. Thanks, Jessica 2/2""]",[28.119905],"[""image_or_link_dependent"", ""money""]"
tesco-488913,simple_rules_bm25_v1,delivery_or_collection,0.63,"@customer Hi <name_redacted> - Jane, I';m sorry about this, can you DM your name, address and email and elaborate a little more on your issue please?",ESCALATE,ACCOUNT_OR_ORDER_LOOKUP,"[""tesco-1046737""]","[""@customer Hi <name_redacted> - Jane, I';m sorry about this, can you DM your name, address and email and elaborate a little more on your issue please?""]",[19.255495],"[""account_or_order""]"
tesco-568989,simple_rules_bm25_v1,store_or_staff_experience,0.71,"@customer Oh no, I am really sorry to hear that. Please can you return to the store to report this to my colleagues? They will then be able to fill out the relevant forms with you.",ESCALATE,FOOD_SAFETY_OR_INJURY,"[""tesco-2594846""]","[""@customer Oh no, I am really sorry to hear that. Please can you return to the store to report this to my colleagues? They will then be able to fill out the relevant forms with you.""]",[21.661731],"[""image_or_link_dependent"", ""injury_or_allergy""]"
tesco-2944940,simple_rules_bm25_v1,delivery_or_collection,0.63,"@customer Please DM this, Fazilet. It's not recommended that you Tweet this publicly - Laura <media_or_link>",ESCALATE,ACCOUNT_OR_ORDER_LOOKUP,"[""tesco-2539925""]","[""@customer Please DM this, Fazilet. It's not recommended that you Tweet this publicly - Laura <media_or_link>""]",[22.871955],"[""punctuation_heavy""]"
tesco-537001,simple_rules_bm25_v1,store_or_staff_experience,0.63,"@customer Hey <name_redacted>, do you have any other proof of purchase, I.e. bank statement? if not, the store will have to use their discretion. TY",ESCALATE,REPEATED_FAILURE_OR_DISTRESS,"[""tesco-1980784""]","[""@customer Hey <name_redacted>, do you have any other proof of purchase, I.e. bank statement? if not, the store will have to use their discretion. TY""]",[16.96909],"[""repeated_failure""]"
tesco-566379,simple_rules_bm25_v1,store_or_staff_experience,0.63,@customer You're welcome! Hope it goes really well ❤️️,ESCALATE,IMAGE_OR_MISSING_CONTEXT,"[""tesco-2613541""]","[""@customer You're welcome! Hope it goes really well ❤️️""]",[16.607665],"[""image_or_link_dependent""]"
tesco-2825152,simple_rules_bm25_v1,store_or_staff_experience,0.71,"@customer Hi there Sarah, So sorry to hear about the hassle you faced today. Can you DM us your full name and address and the time you at store. 1/2 @customer What I'll do is get this issue logged here internally and feed this back to the store. Thanks, James. 2/2",ESCALATE,REPEATED_FAILURE_OR_DISTRESS,"[""tesco-1952691""]","[""@customer Hi there Sarah, So sorry to hear about the hassle you faced today. Can you DM us your full name and address and the time you at store. 1/2 @customer What I'll do is get this issue logged here internally and feed this back to the store. Thanks, James. 2/2""]",[18.748786],[]
tesco-536162,simple_rules_bm25_v1,delivery_or_collection,0.71,"@customer Hi <name_redacted>, I'm so sorry that your delivery was late today. Can you please advise if it has arrived now? If not please DM the following: 1/2 @customer Your full name, address, postcode and email address and I will see if I can chase it up for you. Thanks - Craig 2/2",ESCALATE,ACCOUNT_OR_ORDER_LOOKUP,"[""tesco-978759""]","[""@customer Hi <name_redacted>, I'm so sorry that your delivery was late today. Can you please advise if it has arrived now? If not please DM the following: 1/2 @customer Your full name, address, postcode and email address and I will see if I can chase it up for you. Thanks - Craig 2/2""]",[16.804349],"[""account_or_order"", ""repeated_failure""]"
tesco-579499,simple_rules_bm25_v1,store_or_staff_experience,0.79,"@customer Hi <name_redacted>, thanks for contacting us. I'm really sorry to hear this. Can I ask if you have spoken to anyone in store about this? 1/2 @customer Can you please DM me your full name, address and email so I can log this appropriately? Thanks - Mark 2/2",ESCALATE,REPEATED_FAILURE_OR_DISTRESS,"[""tesco-1758169""]","[""@customer Hi <name_redacted>, thanks for contacting us. I'm really sorry to hear this. Can I ask if you have spoken to anyone in store about this? 1/2 @customer Can you please DM me your full name, address and email so I can log this appropriately? Thanks - Mark 2/2""]",[19.363518],[]
tesco-2812976,simple_rules_bm25_v1,delivery_or_collection,0.71,"@customer Hi <name_redacted>, I'm sorry to learn this. Can you DM me your full name, address and email? I'd be happy to look into this. Thanks",ESCALATE,ACCOUNT_OR_ORDER_LOOKUP,"[""tesco-2006888""]","[""@customer Hi <name_redacted>, I'm sorry to learn this. Can you DM me your full name, address and email? I'd be happy to look into this. Thanks""]",[27.684354],"[""account_or_order"", ""money"", ""punctuation_heavy"", ""repeated_failure"", ""strong_distress""]"
tesco-539286,simple_rules_bm25_v1,pricing_promotion_or_clubcard,0.63,@customer Great to see it not going to waste 👍 #EveryLittleHelps,ESCALATE,MONEY_OR_COMMITMENT,"[""tesco-1595396""]","[""@customer Great to see it not going to waste 👍 #EveryLittleHelps""]",[22.617477],"[""image_or_link_dependent"", ""money""]"
tesco-492486,simple_rules_bm25_v1,product_quality_or_safety,0.63,"@customer Hi <name_redacted>, can you tell us which store you visited and what you bought please? A photo of the receipt and barcode would be good. 1/2 @customer Stores can sell up to the expiry date. We always recommend customers check these before buying. Ian 2/2",ESCALATE,FOOD_SAFETY_OR_INJURY,"[""tesco-1847298""]","[""@customer Hi <name_redacted>, can you tell us which store you visited and what you bought please? A photo of the receipt and barcode would be good. 1/2 @customer Stores can sell up to the expiry date. We always recommend customers check these before buying. Ian 2/2""]",[19.141586],"[""food_safety"", ""money""]"
tesco-2956338,simple_rules_bm25_v1,delivery_or_collection,0.79,"@customer Hi <name_redacted>! I'm really sorry to hear all your items are not ready for collection. Can I start with a few details and we'll look into this for you? Please DM your order number, full name and full address and we'll update you. :) TY",ESCALATE,ACCOUNT_OR_ORDER_LOOKUP,"[""tesco-2365069""]","[""@customer Hi <name_redacted>! I'm really sorry to hear all your items are not ready for collection. Can I start with a few details and we'll look into this for you? Please DM your order number, full name and full address and we'll update you. :) TY""]",[22.241159],"[""account_or_order"", ""repeated_failure""]"
tesco-86447,simple_rules_bm25_v1,other_or_unclear,0.2,"@customer Hi <name_redacted>, you'll be able to see all of our recycling initiatives here; <media_or_link> TY",ESCALATE,IMAGE_OR_MISSING_CONTEXT,"[""tesco-1034364""]","[""@customer Hi <name_redacted>, you'll be able to see all of our recycling initiatives here; <media_or_link> TY""]",[18.542205],"[""image_or_link_dependent"", ""repeated_failure""]"
tesco-2831178,simple_rules_bm25_v1,other_or_unclear,0.2,"@customer Hi there, I'm really sorry to see this. can I ask if you know the exact name of the product? As I'm finding it difficult to find. TY",ESCALATE,OUT_OF_SCOPE_OR_UNCLEAR,"[""tesco-1928393""]","[""@customer Hi there, I'm really sorry to see this. can I ask if you know the exact name of the product? As I'm finding it difficult to find. TY""]",[16.890964],[]
tesco-2861188,simple_rules_bm25_v1,other_or_unclear,0.2,"@customer Hi there, Can I still get your full name(with title), address, email address, price paid and which store you got it from? 1/2 @customer Sadly, as you don't have the packaging I can't feed this back to our suppliers but I can still fully refund you:) Thanks, Calum",ESCALATE,IMAGE_OR_MISSING_CONTEXT,"[""tesco-1926732""]","[""@customer Hi there, Can I still get your full name(with title), address, email address, price paid and which store you got it from? 1/2 @customer Sadly, as you don't have the packaging I can't feed this back to our suppliers but I can still fully refund you:) Thanks, Calum""]",[13.16983],"[""image_or_link_dependent""]"
tesco-104179,simple_rules_bm25_v1,other_or_unclear,0.2,"@customer Hi <name_redacted>, can you please DM me your full name and employee number. My support team will pass this over to the HR team to see what they can do to help. Thanks - Clare <media_or_link>",ESCALATE,IMAGE_OR_MISSING_CONTEXT,"[""tesco-2610940""]","[""@customer Hi <name_redacted>, can you please DM me your full name and employee number. My support team will pass this over to the HR team to see what they can do to help. Thanks - Clare <media_or_link>""]",[11.550884],"[""image_or_link_dependent""]"
tesco-499299,simple_rules_bm25_v1,product_availability,0.63,"@customer Hi <name_redacted>, I've had a look in all the Extra's and I can't locate any at all it seems that they've all gone. 1/2 @customer There is also no date for another delivery. if there are any further stores you'd like me to check I'd be happy to do so. TY - Lee 2/2",ESCALATE,CURRENT_POLICY_OR_LIVE_INFO,"[""tesco-1980364""]","[""@customer Hi <name_redacted>, I've had a look in all the Extra's and I can't locate any at all it seems that they've all gone. 1/2 @customer There is also no date for another delivery. if there are any further stores you'd like me to check I'd be happy to do so. TY - Lee 2/2""]",[17.751532],[]
tesco-10564,simple_rules_bm25_v1,feedback_praise_or_suggestion,0.63,@customer I do understand Adam. Can you please advise which store you saw this in? Thanks,ESCALATE,IMAGE_OR_MISSING_CONTEXT,"[""tesco-22224""]","[""@customer I do understand Adam. Can you please advise which store you saw this in? Thanks""]",[22.246268],"[""image_or_link_dependent""]"
tesco-470977,simple_rules_bm25_v1,other_or_unclear,0.2,"@customer Hi <name_redacted>, I'm really sorry about the quality of this chicken. 1/5 @customer I would like to get this logged, inform our suppliers and send you a full refund via Tesco Moneycard. 2/5 @customer To do this, please can you DM the following details: your name &amp; full address and barcode. 3/5 @customer Can you also include a full copy of your receipt, including the numbers found at the bottom? 4/5 @customer Also, could you please confirm if you’re happy for me to pass your contact details to the suppliers? TY - Andy 5/5",ESCALATE,REPEATED_FAILURE_OR_DISTRESS,"[""tesco-762320""]","[""@customer Hi <name_redacted>, I'm really sorry about the quality of this chicken. 1/5 @customer I would like to get this logged, inform our suppliers and send you a full refund via Tesco Moneycard. 2/5 @customer To do this, please can you DM the following details: your name &amp; full address and barcode. 3/5 @customer Can you also include a full copy of your receipt, including the numbers found at the bottom? 4/5 @customer Also, could you please confirm if you’re happy for me to pass your contact details to the suppliers? TY - Andy 5/5""]",[15.132346],"[""strong_distress""]"
tesco-2948974,simple_rules_bm25_v1,delivery_or_collection,0.71,"@customer Thank you for getting back in touch, and I hope you see this in place soon! Regards - Isaac 2/2",ESCALATE,ACCOUNT_OR_ORDER_LOOKUP,"[""tesco-877552""]","[""@customer Thank you for getting back in touch, and I hope you see this in place soon! Regards - Isaac 2/2""]",[14.790714],[]
tesco-580199,simple_rules_bm25_v1,other_or_unclear,0.2,"@customer Hi <name_redacted> this does sound like a great idea, would you like me to log your feedback on to our system for further review? Thank you",ESCALATE,OUT_OF_SCOPE_OR_UNCLEAR,"[""tesco-782881""]","[""@customer Hi <name_redacted> this does sound like a great idea, would you like me to log your feedback on to our system for further review? Thank you""]",[15.310755],[]
tesco-2902767,simple_rules_bm25_v1,other_or_unclear,0.2,"@customer Hi there, it loos like the Travel desk in our Aberdare Superstore is open between 10:30 and 4 today. Thanks",ESCALATE,OUT_OF_SCOPE_OR_UNCLEAR,"[""tesco-971916""]","[""@customer Hi there, it loos like the Travel desk in our Aberdare Superstore is open between 10:30 and 4 today. Thanks""]",[17.890865],[]
tesco-91710,simple_rules_bm25_v1,online_account_or_checkout,0.63,"@customer Hi <name_redacted>, thank you for getting back to us, I am glad you were able to place an order. Please let us know if we can help with anything else.",ESCALATE,ACCOUNT_OR_ORDER_LOOKUP,"[""tesco-1971696""]","[""@customer Hi <name_redacted>, thank you for getting back to us, I am glad you were able to place an order. Please let us know if we can help with anything else.""]",[16.373788],"[""money""]"
tesco-538156,simple_rules_bm25_v1,product_information,0.71,"@customer Hi <name_redacted>, thanks for contacting us. I'm really sorry about the lack of cheese on your flatbread, I can understand your concerns. I would like to refund you for the item and also feed this back to our suppliers. 1/2 @customer So I can do this can you please DM me your full name, address, email, barcode, supplier code and date code? Can I pass over details to the supplier? Lastly would you prefer a refund via Post or Email? Thanks",ESCALATE,IMAGE_OR_MISSING_CONTEXT,"[""tesco-2628208""]","[""@customer Hi <name_redacted>, thanks for contacting us. I'm really sorry about the lack of cheese on your flatbread, I can understand your concerns. I would like to refund you for the item and also feed this back to our suppliers. 1/2 @customer So I can do this can you please DM me your full name, address, email, barcode, supplier code and date code? Can I pass over details to the supplier? Lastly would you prefer a refund via Post or Email? Thanks""]",[23.503219],"[""image_or_link_dependent""]"
tesco-2850028,simple_rules_bm25_v1,other_or_unclear,0.2,"@customer I'm sorry to see the bread you purchased was not of the quality you would expect Haris. I understand how concerning this must be. 1/4 <media_or_link> @customer I would like to issue a refund for you and pass your comments to our supplier. Can you DM some information? 2/4 @customer Your full name, address, barcode, price paid, date code, store visited and clear copy of your receipt? 3/4 @customer Also would it be ok to pass your details to our supplier? TY - Jayne 4/4",ESCALATE,OUT_OF_SCOPE_OR_UNCLEAR,"[""tesco-1287714""]","[""@customer I'm sorry to see the bread you purchased was not of the quality you would expect Haris. I understand how concerning this must be. 1/4 <media_or_link> @customer I would like to issue a refund for you and pass your comments to our supplier. Can you DM some information? 2/4 @customer Your full name, address, barcode, price paid, date code, store visited and clear copy of your receipt? 3/4 @customer Also would it be ok to pass your details to our supplier? TY - Jayne 4/4""]",[19.962666],[]
tesco-2825173,simple_rules_bm25_v1,store_or_staff_experience,0.63,"@customer Hi there, I have had some difficulties getting through to the store to run your enquiry past them! 1/2 @customer As soon as I get them I will get back to you! TY, Mike 2/2 @customer Hi there, I have called the store and confirm that the petrol pump will be up and running within the next few days! :) Thanks, Mike.",ESCALATE,REPEATED_FAILURE_OR_DISTRESS,"[""tesco-1864333""]","[""@customer Hi there, I have had some difficulties getting through to the store to run your enquiry past them! 1/2 @customer As soon as I get them I will get back to you! TY, Mike 2/2 @customer Hi there, I have called the store and confirm that the petrol pump will be up and running within the next few days! :) Thanks, Mike.""]",[18.065546],"[""punctuation_heavy"", ""strong_distress""]"
tesco-2951559,simple_rules_bm25_v1,store_or_staff_experience,0.63,"@customer HI Paul, what I can suggest is if you can return to store with your receipt for a refund and then purchase the product again at £15. James.",ESCALATE,REPEATED_FAILURE_OR_DISTRESS,"[""tesco-1972977""]","[""@customer HI Paul, what I can suggest is if you can return to store with your receipt for a refund and then purchase the product again at £15. James.""]",[18.856737],[]
tesco-2852985,simple_rules_bm25_v1,online_account_or_checkout,0.63,@customer I'm really sorry for the inconvenience caused JP. Can you send me a DM to tell me more about the changes you don't like? I'll pass it on :) <media_or_link>,ESCALATE,ACCOUNT_OR_ORDER_LOOKUP,"[""tesco-2104614""]","[""@customer I'm really sorry for the inconvenience caused JP. Can you send me a DM to tell me more about the changes you don't like? I'll pass it on :) <media_or_link>""]",[17.891862],[]
tesco-591623,simple_rules_bm25_v1,feedback_praise_or_suggestion,0.63,@customer A tradition of yours? ☺️This countdown checklist should help up excitement levels ✅ #EveryLittleHelps <media_or_link> <media_or_link>,ESCALATE,IMAGE_OR_MISSING_CONTEXT,"[""tesco-1739151""]","[""@customer A tradition of yours? ☺️This countdown checklist should help up excitement levels ✅ #EveryLittleHelps <media_or_link> <media_or_link>""]",[17.61547],"[""image_or_link_dependent""]"
tesco-569680,simple_rules_bm25_v1,other_or_unclear,0.2,"@customer Hi <name_redacted>, sorry to learn that you've found a egg shell in one of your egg sandwiches. 1/4 @customer To resolve this you can return to your nearest extra, superstore or metro with a proof of purchase they’ll be able to sort this out. 2/4 @customer Alternatively you can DM your full name, full address, barcode, date code, Supplier code (SC1234) and the receipt details. 3/4 @customer Can I also have your permission to pass on your details with our supplier? Thanks again for getting in contact. TY – Lee 4/4",ESCALATE,IMAGE_OR_MISSING_CONTEXT,"[""tesco-868760""]","[""@customer Hi <name_redacted>, sorry to learn that you've found a egg shell in one of your egg sandwiches. 1/4 @customer To resolve this you can return to your nearest extra, superstore or metro with a proof of purchase they’ll be able to sort this out. 2/4 @customer Alternatively you can DM your full name, full address, barcode, date code, Supplier code (SC1234) and the receipt details. 3/4 @customer Can I also have your permission to pass on your details with our supplier? Thanks again for getting in contact. TY – Lee 4/4""]",[17.18608],"[""image_or_link_dependent"", ""punctuation_heavy""]"
tesco-83761,simple_rules_bm25_v1,other_or_unclear,0.2,"@customer Hi, <name_redacted> sorry to learn that there is a lack of recycling information on the pack.I will log your feedback on our system for review. 1/2 @customer Could you please DM us your full name, address or e-mail and store location for the log? TY - Eve 2/2",ESCALATE,IMAGE_OR_MISSING_CONTEXT,"[""tesco-1955410""]","[""@customer Hi, <name_redacted> sorry to learn that there is a lack of recycling information on the pack.I will log your feedback on our system for review. 1/2 @customer Could you please DM us your full name, address or e-mail and store location for the log? TY - Eve 2/2""]",[17.238437],"[""context_dependent"", ""image_or_link_dependent""]"
tesco-2935496,simple_rules_bm25_v1,delivery_or_collection,0.79,"@customer Hi <name_redacted>, if you can DM your name, address &amp; email, I can get one out to you. :)",ESCALATE,ACCOUNT_OR_ORDER_LOOKUP,"[""tesco-1540160""]","[""@customer Hi <name_redacted>, if you can DM your name, address &amp; email, I can get one out to you. :)""]",[31.067413],"[""account_or_order"", ""punctuation_heavy"", ""repeated_failure"", ""strong_distress""]"
tesco-2880958,simple_rules_bm25_v1,online_account_or_checkout,0.71,"@customer All of our Fabric Conditioners have been concentrated more, meaning the unit dose has decreased but the washes remains the same. 1/2 @customer I hope this helps (: -Rocsi 2/2",ESCALATE,ACCOUNT_OR_ORDER_LOOKUP,"[""tesco-1386259""]","[""@customer All of our Fabric Conditioners have been concentrated more, meaning the unit dose has decreased but the washes remains the same. 1/2 @customer I hope this helps (: -Rocsi 2/2""]",[30.26677],"[""image_or_link_dependent"", ""repeated_failure""]"
tesco-477170,simple_rules_bm25_v1,delivery_or_collection,0.87,"@customer Hi <name_redacted>, If you DM me some details I can log your feedback into our system. Full name, address, Issue and store of purchase. TY",ESCALATE,ACCOUNT_OR_ORDER_LOOKUP,"[""tesco-1880015""]","[""@customer Hi <name_redacted>, If you DM me some details I can log your feedback into our system. Full name, address, Issue and store of purchase. TY""]",[22.781821],"[""account_or_order""]"
tesco-83754,simple_rules_bm25_v1,delivery_or_collection,0.63,"@customer Hi <name_redacted>, that's fantastic to hear! Could you DM some details and colleague descriptions so I can let the store's management know? TY",ESCALATE,ACCOUNT_OR_ORDER_LOOKUP,"[""tesco-1780832""]","[""@customer Hi <name_redacted>, that's fantastic to hear! Could you DM some details and colleague descriptions so I can let the store's management know? TY""]",[13.95705],"[""account_or_order"", ""image_or_link_dependent""]"
tesco-139128,simple_rules_bm25_v1,other_or_unclear,0.2,"@customer Hi <name_redacted>, I'm just going to get this looked into for you. I'll be back in touch with you shortly. TY @customer Hi <name_redacted>, I'm really sorry but this product has been discontinued. :( Please let me know if there's anything else I can help with. TY",ESCALATE,IMAGE_OR_MISSING_CONTEXT,"[""tesco-2269381""]","[""@customer Hi <name_redacted>, I'm just going to get this looked into for you. I'll be back in touch with you shortly. TY @customer Hi <name_redacted>, I'm really sorry but this product has been discontinued. :( Please let me know if there's anything else I can help with. TY""]",[15.609272],"[""image_or_link_dependent""]"
tesco-539279,simple_rules_bm25_v1,other_or_unclear,0.2,"@customer Hi <name_redacted>, Can you DM me your location and I can check local stores for you? Ty, Andy",ESCALATE,IMAGE_OR_MISSING_CONTEXT,"[""tesco-763423""]","[""@customer Hi <name_redacted>, Can you DM me your location and I can check local stores for you? Ty, Andy""]",[16.666088],"[""context_dependent"", ""image_or_link_dependent""]"
tesco-514149,simple_rules_bm25_v1,store_or_staff_experience,0.63,"@customer Hi there, I'm sorry to hear you've not had a great experience with our customer service team. I'd like to investigate this further 1/2 @customer Could you DM me a summary of your complaint along with your name and address too please? TY - Peter 2/2",ESCALATE,REPEATED_FAILURE_OR_DISTRESS,"[""tesco-1629083""]","[""@customer Hi there, I'm sorry to hear you've not had a great experience with our customer service team. I'd like to investigate this further 1/2 @customer Could you DM me a summary of your complaint along with your name and address too please? TY - Peter 2/2""]",[19.565382],"[""strong_distress""]"
tesco-2886992,simple_rules_bm25_v1,other_or_unclear,0.2,"@customer Hi <name_redacted>, this is not true. We pay colleagues’ wages directly into their bank accounts. We would only consider paying colleagues via a Tuxedo card in exceptional circumstances. TY",ESCALATE,IMAGE_OR_MISSING_CONTEXT,"[""tesco-2621674""]","[""@customer Hi <name_redacted>, this is not true. We pay colleagues’ wages directly into their bank accounts. We would only consider paying colleagues via a Tuxedo card in exceptional circumstances. TY""]",[22.308347],"[""image_or_link_dependent""]"
tesco-2807471,simple_rules_bm25_v1,delivery_or_collection,0.71,"@customer Oh no, sorry Kate. Did you receive your delivery?",ESCALATE,ACCOUNT_OR_ORDER_LOOKUP,"[""tesco-1426836""]","[""@customer Oh no, sorry Kate. Did you receive your delivery?""]",[16.78293],"[""account_or_order"", ""image_or_link_dependent""]"
tesco-468994,simple_rules_bm25_v1,online_account_or_checkout,0.63,"@customer Hi there, I'm afraid we will be unable to notify you to when the fixes have been implemented.",ESCALATE,ACCOUNT_OR_ORDER_LOOKUP,"[""tesco-32470""]","[""@customer Hi there, I'm afraid we will be unable to notify you to when the fixes have been implemented.""]",[29.66039],"[""punctuation_heavy"", ""repeated_failure"", ""strong_distress""]"
tesco-2939796,simple_rules_bm25_v1,other_or_unclear,0.2,"@customer Hi <name_redacted>, I'm so sorry you had found a bone in your sandwich. I understand your concerns. 1/2 @customer Although every care has been taken to remove bones, some may remain. We do have this warning also on our website. - Rocsi 2/2",ESCALATE,OUT_OF_SCOPE_OR_UNCLEAR,"[""tesco-1259749""]","[""@customer Hi <name_redacted>, I'm so sorry you had found a bone in your sandwich. I understand your concerns. 1/2 @customer Although every care has been taken to remove bones, some may remain. We do have this warning also on our website. - Rocsi 2/2""]",[17.86791],[]
tesco-585177,simple_rules_bm25_v1,feedback_praise_or_suggestion,0.63,@customer I do understand Adam. Can you please advise which store you saw this in? Thanks,ESCALATE,IMAGE_OR_MISSING_CONTEXT,"[""tesco-22224""]","[""@customer I do understand Adam. Can you please advise which store you saw this in? Thanks""]",[14.696173],"[""image_or_link_dependent""]"
tesco-514147,simple_rules_bm25_v1,delivery_or_collection,0.87,"@customer Hi <name_redacted>, sorry there were missing items from your recent delivery. I can understand your disappointment. Please DM your name, address and email address and a list of missing items #HappyToHelp",ESCALATE,ACCOUNT_OR_ORDER_LOOKUP,"[""tesco-2273763""]","[""@customer Hi <name_redacted>, sorry there were missing items from your recent delivery. I can understand your disappointment. Please DM your name, address and email address and a list of missing items #HappyToHelp""]",[18.253305],"[""account_or_order""]"
tesco-543244,simple_rules_bm25_v1,other_or_unclear,0.2,"@customer Hi there, I'd like to look in to this for you. Can you please DM me and elaborate on your comment? TY",ESCALATE,OUT_OF_SCOPE_OR_UNCLEAR,"[""tesco-1761460""]","[""@customer Hi there, I'd like to look in to this for you. Can you please DM me and elaborate on your comment? TY""]",[25.474056],[]
tesco-2520008,simple_rules_bm25_v1,store_or_staff_experience,0.63,"@customer Hi <name_redacted>, what a great idea! Can I take your full and and address so I can log this properly ( please send via DM ). TY",ESCALATE,REPEATED_FAILURE_OR_DISTRESS,"[""tesco-1004710""]","[""@customer Hi <name_redacted>, what a great idea! Can I take your full and and address so I can log this properly ( please send via DM ). TY""]",[21.218131],[]
tesco-674362,simple_rules_bm25_v1,store_or_staff_experience,0.71,"@customer Hi <name_redacted>, glad they liked it so much, starting good habits early :D",ESCALATE,REPEATED_FAILURE_OR_DISTRESS,"[""tesco-1232291""]","[""@customer Hi <name_redacted>, glad they liked it so much, starting good habits early :D""]",[24.687887],[]
tesco-2855849,simple_rules_bm25_v1,product_availability,0.63,"@customer Can you please DM me a few of your details such as full name, full address and I will get this logged. Thanks - Lee 2/2 @customer Hi there, sorry to hear we haven't got any glittery Christmas wrapping paper and I'd like me to log this for future review. 1/2",ESCALATE,IMAGE_OR_MISSING_CONTEXT,"[""tesco-1769491""]","[""@customer Can you please DM me a few of your details such as full name, full address and I will get this logged. Thanks - Lee 2/2 @customer Hi there, sorry to hear we haven't got any glittery Christmas wrapping paper and I'd like me to log this for future review. 1/2""]",[21.284371],"[""image_or_link_dependent"", ""punctuation_heavy"", ""strong_distress""]"
tesco-561011,simple_rules_bm25_v1,feedback_praise_or_suggestion,0.63,"@customer Hi <name_redacted>, we're unable to DM you but you can DM us through this link. :) <media_or_link>",AUTO_HANDLE,NO_ACTION_NEEDED,"[""tesco-801272""]","[""@customer Hi <name_redacted>, we're unable to DM you but you can DM us through this link. :) <media_or_link>""]",[20.308327],[]
tesco-66073,simple_rules_bm25_v1,other_or_unclear,0.2,"@customer Hi, I am so sorry, although every care has been taken to remove bones, some may remain. I'd like to get this fed back to our suppliers. 1/3 @customer Can you DM your full name, address, email, store &amp; date of purchase? Can you also confirm the barcode number, SC code and expiry date. 2/3 @customer Finally, can you let us know whether it would be okay to pass your details onto the supplier please? TY - Brian 3/3",ESCALATE,IMAGE_OR_MISSING_CONTEXT,"[""tesco-1949649""]","[""@customer Hi, I am so sorry, although every care has been taken to remove bones, some may remain. I'd like to get this fed back to our suppliers. 1/3 @customer Can you DM your full name, address, email, store &amp; date of purchase? Can you also confirm the barcode number, SC code and expiry date. 2/3 @customer Finally, can you let us know whether it would be okay to pass your details onto the supplier please? TY - Brian 3/3""]",[18.430369],"[""image_or_link_dependent"", ""strong_distress""]"
tesco-1309014,simple_rules_bm25_v1,delivery_or_collection,0.71,"@customer Hi <name_redacted>, I'm sorry my colleagues were so reluctant to help you and I can understand how frustrating it must have been for you. 1/3 @customer Can you DM me some details so I can log your complaint on our system and feed this back to the store's management team? 2/3 @customer I'd need your name, address, which store this was, the time of your visit and a description of the colleagues involved. Thanks - Dafydd 3/3 <media_or_link>",ESCALATE,ACCOUNT_OR_ORDER_LOOKUP,"[""tesco-1417578""]","[""@customer Hi <name_redacted>, I'm sorry my colleagues were so reluctant to help you and I can understand how frustrating it must have been for you. 1/3 @customer Can you DM me some details so I can log your complaint on our system and feed this back to the store's management team? 2/3 @customer I'd need your name, address, which store this was, the time of your visit and a description of the colleagues involved. Thanks - Dafydd 3/3 <media_or_link>""]",[21.134745],"[""account_or_order"", ""money""]"
tesco-477163,simple_rules_bm25_v1,store_or_staff_experience,0.71,"@customer Thanks Mathew, could you DM me a photo of both sides of the voucher, along with your full name, address and email address please? TY",ESCALATE,REPEATED_FAILURE_OR_DISTRESS,"[""tesco-1017520""]","[""@customer Thanks Mathew, could you DM me a photo of both sides of the voucher, along with your full name, address and email address please? TY""]",[12.669999],[]
tesco-555580,simple_rules_bm25_v1,other_or_unclear,0.2,"@customer Hi <name_redacted>, I'm sorry one of my colleagues was rude. Can you please DM me and elaborate on your comment? TY",ESCALATE,REPEATED_FAILURE_OR_DISTRESS,"[""tesco-1369637""]","[""@customer Hi <name_redacted>, I'm sorry one of my colleagues was rude. Can you please DM me and elaborate on your comment? TY""]",[21.081408],"[""strong_distress""]"
tesco-470973,simple_rules_bm25_v1,online_account_or_checkout,0.71,"@customer I'm sorry you're having trouble setting up your Clubcard on our app Elle, can you DM me your Clubcard number so I can look into this please?",ESCALATE,ACCOUNT_OR_ORDER_LOOKUP,"[""tesco-1823930""]","[""@customer I'm sorry you're having trouble setting up your Clubcard on our app Elle, can you DM me your Clubcard number so I can look into this please?""]",[23.248671],"[""account_or_order"", ""image_or_link_dependent"", ""money""]"
tesco-2832248,simple_rules_bm25_v1,feedback_praise_or_suggestion,0.63,"@customer HI Lottie, I am sorry to hear you didn't have the option to print of a receipt in the store, I have passed your comments to the manager. 1/2 @customer The tills will be checked, If it happens again please let a colleague know as they can print you one within 30 minutes of purchase.Ty, Andy",ESCALATE,IMAGE_OR_MISSING_CONTEXT,"[""tesco-1515446""]","[""@customer HI Lottie, I am sorry to hear you didn't have the option to print of a receipt in the store, I have passed your comments to the manager. 1/2 @customer The tills will be checked, If it happens again please let a colleague know as they can print you one within 30 minutes of purchase.Ty, Andy""]",[39.820739],"[""image_or_link_dependent""]"
tesco-2937169,simple_rules_bm25_v1,delivery_or_collection,0.79,"@customer Hi <name_redacted>, I don't have that information available but I'm going to ask my support team. I'll reply here when I have the answer for you. Thanks, Lawrence",ESCALATE,ACCOUNT_OR_ORDER_LOOKUP,"[""tesco-2540530""]","[""@customer Hi <name_redacted>, I don't have that information available but I'm going to ask my support team. I'll reply here when I have the answer for you. Thanks, Lawrence""]",[15.814378],"[""account_or_order""]"
tesco-464481,simple_rules_bm25_v1,delivery_or_collection,0.63,"@customer Good evening, thank you for getting in touch, I'm sorry to hear that your delivery was late &amp; for the delay in my response. 1/3 @customer Please can you DM the time your order arrived, the full name, address &amp; email registered to your account? 2/3 @customer I will then look into this further and log your feedback to prevent this from happening again in the future. Kind regards- Hannah. 3/3",ESCALATE,ACCOUNT_OR_ORDER_LOOKUP,"[""tesco-1752587""]","[""@customer Good evening, thank you for getting in touch, I'm sorry to hear that your delivery was late &amp; for the delay in my response. 1/3 @customer Please can you DM the time your order arrived, the full name, address &amp; email registered to your account? 2/3 @customer I will then look into this further and log your feedback to prevent this from happening again in the future. Kind regards- Hannah. 3/3""]",[24.761098],"[""account_or_order""]"
tesco-1950433,simple_rules_bm25_v1,product_quality_or_safety,0.63,"@customer I'm sorry to hear your not well Jennifer. I can understand your concerns, I hope you are feeling better. 1/2 @customer Please can you return the packaging back to my colleagues in your local large store? Who will be able to help you further. TY - Jayne 2/2",ESCALATE,FOOD_SAFETY_OR_INJURY,"[""tesco-1298553""]","[""@customer I'm sorry to hear your not well Jennifer. I can understand your concerns, I hope you are feeling better. 1/2 @customer Please can you return the packaging back to my colleagues in your local large store? Who will be able to help you further. TY - Jayne 2/2""]",[22.148975],"[""injury_or_allergy""]"
tesco-2893970,simple_rules_bm25_v1,product_quality_or_safety,0.63,"@customer Hi <name_redacted>, yes I can confirm this means 17p per sheet :) Regards",ESCALATE,FOOD_SAFETY_OR_INJURY,"[""tesco-1627356""]","[""@customer Hi <name_redacted>, yes I can confirm this means 17p per sheet :) Regards""]",[19.375168],"[""food_safety"", ""image_or_link_dependent"", ""repeated_failure""]"
tesco-41745,simple_rules_bm25_v1,store_or_staff_experience,0.71,"@customer Hi <name_redacted>, I'm so sorry for the delay. We've not had much luck getting the store. I'll try again tomorrow and get back to you ASAP @customer Hi <name_redacted>, thanks for your patience. There were small stock issues but these have now been resolved. (1/2) @customer You should not be able to get the tiger bread and I hope you enjoy it :) - Bryan (2/2)",ESCALATE,IMAGE_OR_MISSING_CONTEXT,"[""tesco-1735335""]","[""@customer Hi <name_redacted>, I'm so sorry for the delay. We've not had much luck getting the store. I'll try again tomorrow and get back to you ASAP @customer Hi <name_redacted>, thanks for your patience. There were small stock issues but these have now been resolved. (1/2) @customer You should not be able to get the tiger bread and I hope you enjoy it :) - Bryan (2/2)""]",[22.617589],"[""image_or_link_dependent"", ""punctuation_heavy""]"
tesco-2967145,simple_rules_bm25_v1,other_or_unclear,0.2,"@customer Hi, <name_redacted> really sorry to hear this, I hope you're okay? I'd like to log this internally and issue you with a refund 1/3 @customer Could you DM me your name, email address as well as pictures of the barcode, date, supplier code and your receipt? 2/3 @customer Also, would it be okay to pass your details on to our supplier in case they wish to contact you? TY - Peter 3/3",ESCALATE,OUT_OF_SCOPE_OR_UNCLEAR,"[""tesco-891190""]","[""@customer Hi, <name_redacted> really sorry to hear this, I hope you're okay? I'd like to log this internally and issue you with a refund 1/3 @customer Could you DM me your name, email address as well as pictures of the barcode, date, supplier code and your receipt? 2/3 @customer Also, would it be okay to pass your details on to our supplier in case they wish to contact you? TY - Peter 3/3""]",[21.539046],[]
