query_case_id,rank,case_id,conversation_id,lexical_score,rerank_score,outcome_tier,safety_penalty_flags,message,historical_reply,customer_followup
tesco-2950175,1,tesco-1047316,1047318,4.343330123648807,0.8686401732133375,positive_followup_proxy,[],@Tesco <media_or_link>,"@customer Hi <name_redacted>, I'm sorry you did not meet the qualifying spend. Your total before staff discount was only £51.06. Thanks",@Tesco Thanks for the explanation. I'll just have to drink more wine!
tesco-2950175,2,tesco-1218477,1218483,4.343330123648807,0.8686401732133375,positive_followup_proxy,[],@Tesco <media_or_link>,"@customer Hi <name_redacted>, I have logged this on our system and I have sent you out a Tesco MoneyCard that will be with you within 10 working days.",@Tesco thank you
tesco-2950175,3,tesco-1131485,1131485,4.343330123648807,0.8186401732133375,positive_followup_proxy,"[""over_public_length_limit""]",@Tesco <media_or_link>,"@customer Hi <name_redacted>, I am just looking in to this and will get back to you shortly :) @customer Hi <name_redacted>, there is no set age on our spaces, we expect our customers to be fair and apply common sense when using them :) 1/2 @customer This however may differ to each specific store so it's worth asking a manager next time you're in the store - Tyler 2/2",@Tesco Ok thank you
tesco-1726133,1,tesco-1067894,1067894,16.17705676591458,0.80942648501738,positive_followup_proxy,[],@Tesco when I try to scan and shop error code 200 appears and no member of staff can clear it - what can I do?,"@customer Hi <name_redacted>, thank you for bringing this to our attention. Can you confirm the store so that I can look into this for you? TY",@Tesco Thank you - it’s the Taplow store
tesco-1726133,2,tesco-1615700,1615700,19.379009997617178,0.7540099736571114,unclassified_followup,[],"@Tesco Hey, just to say since your self checkout upgrade at canary wharf, I can no longer scan my club card. ETA on resolution?",@customer Sadly we don't have an update. Have you got Clubcard app? This has a QPR code that you can use at self service to scan.,"@Tesco No, I kind of just want it to work the way it always has rather than fumbling around with my phone at the checkout. Not unreasonable."
tesco-1726133,3,tesco-1960839,1960840,20.58061264629703,0.7207626396389554,no_customer_followup,"[""over_public_length_limit""]","@Tesco It's still not working here is the error I get, it happens when you click on groceries and try to sign in, I have tried a few times <media_or_link>","@customer Hi <name_redacted>, we have a few steps for you to follow to help get you up and running. 1/4 @customer Can you please clear the cache/cookies on your browser, then check the date and time on device. 2/4 @customer Please then close the browser and reopen, please then try once more. 3/4 @customer This should work, however if not please get back in touch. Ty Andrew 4/4",
tesco-570535,1,tesco-1665884,1665884,16.321600008257917,0.82,unclassified_followup,[],@Tesco - did someone forget to use spell check? X <media_or_link>,"@customer Oops! Thanks for letting us know about the error, Caroline :) Please can you send me a photo of the barcode number and use by date? 1/2 @customer I'll happily report this on my system so our suppliers and Head Office are made aware - Mat 2/2",@Tesco When I get home from work I will
tesco-570535,2,tesco-2094461,2094461,9.409815392621663,0.6527507485813785,positive_followup_proxy,[],@Tesco someone needs to learn to count. <media_or_link>,"@customer Hey <name_redacted>, that doesn't seem right! If you go back to the store with your receipt I'm sure they will happily let you exchange these","@Tesco Would be great, but can’t as I needed to wear a pair today. Either a problem with QA or someone is stealing in store."
tesco-570535,3,tesco-1086220,1086220,11.439562728454552,0.5447256048786084,no_customer_followup,[],@Tesco really not impressed with your free favourite toy mag. Doesn’t help our children when you can’t spell #stationery! #incorrect <media_or_link>,"@customer Hi <name_redacted>, so sorry about this. We are aware of this and it will be changed.",
tesco-585163,1,tesco-1887839,1881181,11.782099474511181,0.6383126364914743,positive_followup_proxy,[],"@Tesco @customer Hi, I have DM’ed you the details. Still missing my order and not received any confirmation that it has been delivered to store","@customer @customer Hi <name_redacted>, I have private mailed you. TY",@Tesco @customer Thank you. I have sent a response to your DM
tesco-585163,2,tesco-2104623,2104623,11.625808077406594,0.6322330474994698,positive_followup_proxy,[],"@Tesco Hi. Can I refund an item I ordered through click and collect to store, it's through a third party? Thank you.","@customer Hi <name_redacted>, with some partner products you can return to a store but I'll take a look at your order &amp; let you know. 1/2 @customer To do this I'd need your full name, address &amp; order number? Thank you in advance :) Kind regards - Andy S 2/2",@Tesco Wonderful thank you. I've dm'd you!
tesco-585163,3,tesco-1639296,1639296,13.431615793708989,0.6024772766579184,positive_followup_proxy,"[""private_channel_request"", ""personal_data_request""]","@Tesco My Direct order was due to be at store yesterday. Still showing as despatched on website this morning, but now website down. Help?","@customer I'm sorry your order hasn't reached the store yet Christian! Can you please DM me your order number, full name and full address?","@Tesco Thanks Shannon, DM sent"
tesco-2699352,1,tesco-2394863,2394863,32.43121952550813,0.9604342993212591,positive_followup_proxy,[],@Tesco hello! <name_redacted> do your priority Christmas delivery slots become available? 🎄,"@customer Hi <name_redacted>, all Delivery Saver customers get access to Priority Slots on the 26th November. On this link is a handy calendar of our home shopping times over Christmas <media_or_link> Have a nice day :-)",@Tesco Thanks David! Just wanted to make sure it wasn't something I should be seeing now. Have a nice day too!
tesco-2699352,2,tesco-1532287,1532287,31.36740956270018,0.8848344669658339,positive_followup_proxy,"[""over_public_length_limit""]",@Tesco @customer when do those of us on delivery saver packages get to pre book Christmas delivery slots? Not had any info yet about it 😖,"@customer @customer Hi <name_redacted>, our Delivery Saver customers will be able to book their Christmas slots towards the end of November 1/3 @customer @customer However we'll be sending an email out to you in the next week with all the dates and information on how to pre-book your Christmas slot 2/3 @customer @customer Please keep your eyes peeled for the email! Kind regards - Aneurin 3/3",@Tesco @customer Thank you 😁🎄⛄️🎉 || @Tesco @customer And after that I’ve got my email 😂🤣 Thanks 👍🎅🎄
tesco-2699352,3,tesco-2582243,2582243,28.498563823586085,0.8657977286925387,positive_followup_proxy,[],@Tesco do those of us who have delivery saver not get priority over Christmas delivery slots anymore? It’s a rumour I’m hoping has no factual basis to it!,"@customer Hi there, we will be sending out an email shortly with all the details you need on how to book your Christmas slots. Please keep your eyes peeled.","@Tesco Hi! This is great news, thank you :)"
tesco-516771,1,tesco-1887839,1881181,20.676856676870557,0.9111273488054343,positive_followup_proxy,[],"@Tesco @customer Hi, I have DM’ed you the details. Still missing my order and not received any confirmation that it has been delivered to store","@customer @customer Hi <name_redacted>, I have private mailed you. TY",@Tesco @customer Thank you. I have sent a response to your DM
tesco-516771,2,tesco-1456959,1456959,23.19024517785599,0.79,no_customer_followup,[],@Tesco I need help regarding my Clubcard with an order I placed on Tesco direct,"@customer Hi <name_redacted>, Thanks for getting in touch, I'll be more than happy to help! Could you explain what the issue is? Thanks",
tesco-516771,3,tesco-1639296,1639296,18.514681295192457,0.7346734864431236,positive_followup_proxy,"[""private_channel_request"", ""personal_data_request""]","@Tesco My Direct order was due to be at store yesterday. Still showing as despatched on website this morning, but now website down. Help?","@customer I'm sorry your order hasn't reached the store yet Christian! Can you please DM me your order number, full name and full address?","@Tesco Thanks Shannon, DM sent"
tesco-504344,1,tesco-1295367,1295367,14.097392744046186,0.7164568803700523,no_customer_followup,[],is it just me or have @Tesco Custard Creams gotten smaller?,"@customer Hi <name_redacted>, we will have a look into this and contact you back @customer Hi <name_redacted>, we've looked into this and they are the same size they've always been! TY",
tesco-504344,2,tesco-1622125,1622123,9.630938074493601,0.6899581263464372,positive_followup_proxy,[],"@Tesco Yes it is. It’s not just few, it’s every one. We’ve been using them for months. Every time, a pool of foul liquid at the bottom of the bin","@customer I hope this helps. Thanks, Jessica 3/3","@Tesco Thanks Jessica but I feel I’ll be wasting my time. Clearly no one QC’s this product so I will buy alternative, such as @customer"
tesco-504344,3,tesco-1293127,1293127,9.513742731165355,0.6837526334611201,positive_followup_proxy,[],@Tesco do you have a list of the stores with the My Little Pony events on? Just seen it near me but my niece is in aldershot and is pony mad,"@customer You can search <media_or_link> and filter the store's with the even on, and pick the best location for you.",@Tesco Awesome that'll make one little girl into a very happy pony! Thanks
tesco-2824379,1,tesco-1974268,1974268,13.19198133565613,0.7685751054203418,positive_followup_proxy,[],@Tesco are you having trouble with your online account as I can’t check out my shopping? Just keeps saying error,"@customer Hi <name_redacted>. I'm sorry you had trouble checking out, did you manage to check out after? Was there an error message? Thanks",@Tesco Yes just kept saying error. Phoned up in the end and managed to get it sorted.
tesco-2824379,2,tesco-973702,973702,15.908828309588763,0.7097902931473947,unclassified_followup,[],@Tesco - I am assuming I can pick up a Click and Collect order for as long as the store is open?,"@customer Hi <name_redacted>, thanks for getting in touch. Can you please tell me if it is a Grocery or Direct order? TY","@Tesco Direct please, in particular at Musselburgh. Keep going up and I can’t get it , but they can’t tell me when I can 🙄"
tesco-2824379,3,tesco-2348099,2348105,11.853887752469369,0.708874553111513,positive_followup_proxy,[],@Tesco Hi <name_redacted>. I've just DM'd details as requested. Can you keep me updated please as to why this keeps happening? Thanks,"@customer @customer Hi <name_redacted>, I have logged your complaint on our systems and this will be fed back to the store. Ty","@Tesco Hi <name_redacted>. That's great, but why is it never open was my question? I could understand if it was midnight, but this was Saturday aft"
tesco-628221,1,tesco-1976394,1976395,11.097141954624933,0.889995267014096,positive_followup_proxy,[],@Tesco Well you did today; I checked my statement and I’ve been charged £1 for paying for fuel using @customer card. Whose fault is that pls?,"@customer Hi, this is just a pending transaction and will be returned to you by your bank once the transaction has been processed. Regards","@Tesco Ah ok, thanks. Let's see what happens."
tesco-628221,2,tesco-1843325,1843322,9.44958579350576,0.7845846053034014,positive_followup_proxy,[],@Tesco Returned and refunded. Thank you. 😊,"@customer No worries. I'm glad you got the issue resolved. If there's anything else, please do get back in touch. TY",@Tesco Will do. Thank you. 😊
tesco-628221,3,tesco-1886938,1886938,11.895012486608703,0.7310430326203027,no_customer_followup,[],"@Tesco I’ve just been charged twice for my shop, left the store and can’t go back now...anything you can do?","@customer Hi <name_redacted>, I'm sorry you paid more than you expected to. Have you contacted your bank to check if 1 payment is still pending? TY",
tesco-496166,1,tesco-2544262,2544262,19.790105349552128,0.7484212860159498,positive_followup_proxy,[],@Tesco thanks for the old £1 in my change yesterday,@customer Hi Liam; what store did you visit? Did you use Self Service or a manned checkout? I'll happily inform the Store Management Team to make them aware,"@Tesco It was in Buxton with a petrol station, I was on a driving lesson at the time so I don't know the store name, I also work retail, I had heard you were taking them but not giving them out 😂 thank you for replying, if there was a bank round here wouldn't of been a problem || @Tesco It was a manned checkout too, well womanned checkout, shed just been called to the till as the queue had built up"
tesco-496166,2,tesco-2234679,2234679,18.444734957582675,0.709778885944625,positive_followup_proxy,[],@Tesco Why are your staff still giving old £1 coins in change? I was told I could take it to the bank or Poundland by the till operative!,"@customer Hi <name_redacted>, could you please let me know which store this was in and I will look into this for you. Thanks","@Tesco Woolton store. I’ve sent a DM, thanks."
tesco-496166,3,tesco-1848184,1848184,14.804543094583579,0.6052234778978676,positive_followup_proxy,[],grrrrr just noticed that the £3 change I got from @Tesco yesterday gave me an 'old' £1 coin!!,"@customer Hi <name_redacted>, I am sorry to see someone has gave you an old pound coin, this shouldn't have happened. 1/2 @customer We can accept these back in store up until the 22nd Oct if you wish to return it, Can you let me know what store this was please? 2/2",@Tesco Thanks I'll use it tomoro when I'm in. It was the Sauchiehall st Glasgow - it was a self serve machine.
tesco-552728,1,tesco-1549546,1549546,18.982674023255218,0.8293510208986331,positive_followup_proxy,"[""private_channel_request"", ""personal_data_request"", ""over_public_length_limit""]",@Tesco just want to say how disappointed I am at your delivery service. 10-11pm slot and you've not turned up and no phone call. Nice one.,"@customer Hi <name_redacted>, I'm sorry to learn your order didn't arrive last night 1/3 @customer I appreciate this must be incredibly frustrating and I'd like to investigate this further 2/3 @customer In order for me to do so can you please DM your full name, full address and email address? Thanks - Aneurin 3/3","@Tesco Thank you for your reply, DM sent."
tesco-552728,2,tesco-1562398,1562400,14.046752997780004,0.7715018261036817,positive_followup_proxy,[],"@Tesco Nothing specific, just to look at wrapping paper etc and Christmas tree decorations. I am an organised Christmas shopper ha ha. Grimsby x","@customer Thanks Emma, I've spoken to James our Duty Manager in Grimsby who's confirmed all Christmas stock is now on sale. I hope this helps, Leah.","@Tesco Yay✨.. what fast and great service from you this morning <name_redacted>, much appreciated !"
tesco-552728,3,tesco-2266260,2266260,18.523947753660984,0.7500342844123005,no_customer_followup,[],Is it to early to put my Christmas tree up 😅🙈🎄 #christmas #excited,@customer Well that depends on how excited you are for Christmas 🎄🎄 😊 When would you normally put up your Christmas decs?,
tesco-479890,1,tesco-1381182,1381182,22.34684886663246,1.0,positive_followup_proxy,[],"@Tesco Hello! Please could you let the staff at the Tesco Express in Wallisdown, Poole that are all so friendly, lovely and so helpful :)","@customer Hi <name_redacted>. This is great to hear, and I really appreciate you taking the time to get in touch! 1/2 @customer I've passed your message onto the store's Duty Manager to make sure our colleagues get the recognition they deserve! Thanks - Chris 2/2","@Tesco Thank you so much! I was in the queue there earlier and a member of staff had to deal with someone so rude to her on self service || @Tesco And she kept her cool &amp; spoke to him very politely, they are such a lovely team, I felt so bad for her! Please let them know they're great!"
tesco-479890,2,tesco-1391510,1391511,14.325812863638188,0.7056744079798998,positive_followup_proxy,[],@Tesco Yes of course. I regularly shop in Tesco and most staff are helpful and friendly but had a rubbish experience today,"@customer Hello <name_redacted>, I am sorry for miserable experience in the store.I have spoken to duty manager Allan. 1/2 @customer He will encourage colleagues to be more engaging with customers. TY - Eve 2/2",@Tesco Thank you very much for your quick response
tesco-479890,3,tesco-1139682,1139682,14.086137739691761,0.6968797182762643,positive_followup_proxy,[],"@Tesco need to sort their staff esp in #Bridgend Not 1 £5 note in store, get given pocket full of change No wonder @AldiUK is doing so well <media_or_link>","@customer Hi there, I am very sorry to hear this! Can you please let me know which store in Bridgend this is? Ty","@Tesco Tesco 7 Foursquare tips, Cowbridge Rd, Bridgend . Thanks for showing some concern, however it's a shame the store staff don't do the same."
tesco-89598,1,tesco-1935019,1935020,20.08945951202277,0.7487745754309945,positive_followup_proxy,[],"@Tesco Hi it's all good, there was a problem scanning parcels which meant they couldn't contact me. Thank you","@customer Hi, thanks for getting back to me and I hope you have now been able to collect your parcel. Thanks","@Tesco Yeah got it, thank you 👍 👍"
tesco-89598,2,tesco-2207231,2207231,19.869535731375777,0.7425480736732037,positive_followup_proxy,[],"@Tesco literally went to collect my order, in my mums name (different surname) and I couldn’t pick it up due to not having the same name 🙄","@customer Hi there, I'm sorry you were unable to collect an order. Sadly my Tesco Direct colleagues have finished for the evening. One of my colleagues will be in touch later today to help resolve this for you. TY",@Tesco Thank you :)
tesco-89598,3,tesco-1970879,1970879,26.85998019977929,0.7304621630099863,no_customer_followup,[],@Tesco can I collect our click and collect order even though it’s in hubbys name?,"@customer Hi there, you can collect an order in someone else's name, as long as you have the order details and the card used to pay. TY",
tesco-2820812,1,tesco-1682828,1682828,15.256083210372822,0.787585213462914,positive_followup_proxy,[],"@Tesco Hi, I take it that the £250 voucher 'to celebrate 98th anniversary' is a scam...?🤣🤣","@customer Can you please delete the message and please do not follow the link included in the message. Thanks, Jessica. 2/2 @customer I'm sorry that you've received this message. I can confirm that it isn't genuine and hasn't been sent by Tesco. 1/2",@Tesco Thanks for reply. Had already warned the friends who posted link to me. If it seems too good to be true...😉
tesco-2820812,2,tesco-2504701,2504701,13.912218024530432,0.7340647518512293,positive_followup_proxy,[],"@Tesco The fuel discount voucher, do you have to spend £60 on fuel, and does it expire 05/11 or 19/11? Thanks! <media_or_link>","@customer Hi <name_redacted>, there isn't a minimum spend at the pump for the voucher, the voucher expires on the 19/11. Ty",@Tesco Thank you!
tesco-2820812,3,tesco-2143231,2143231,18.85994603088409,0.7211118140259355,no_customer_followup,[],@Tesco I’ve been trying to reset my password for my clubcard account to get my vouchers but the email isn’t coming through,"@customer Hi <name_redacted>. That's a little strange. Would you mind confirming your name, address, email and clubcard number so I can help? Thanks",
tesco-64413,1,tesco-907475,907477,20.609636985014966,0.7152132946798833,positive_followup_proxy,[],@Tesco I don't have my receipt is been about 3 weeks,"@customer Hi <name_redacted>, did you use a clubcard when purchasing the product? This can be used as proof of purchase so can a bank statement :).","@Tesco I have it on my online banking, I'll go into the store tomorrow. Thanks"
tesco-64413,2,tesco-32470,32479,20.03772587108945,0.7003612896799565,positive_followup_proxy,[],"@Tesco Hi <name_redacted>, ok thanks for the update - will you let me know when it has been resolved so I can finish my shopping? Thanks","@customer Hi there, I'm afraid we will be unable to notify you to when the fixes have been implemented.","@Tesco Ok, if I ask now can you let me know if it has been fixed?"
tesco-64413,3,tesco-2138013,2138013,19.77979930311395,0.6936631742142638,positive_followup_proxy,[],@tesco please resist temptation to say you dont know about problem. Everyone else does,"@customer Hi <name_redacted>, we're working on getting a fix for this no later than March 2018. Kind regards",@Tesco Whooah - thank you.
tesco-2899807,1,tesco-1323999,1323999,14.478572600401948,0.7899999999999999,no_customer_followup,[],Thanks @Tesco for the cat treats.. @customer didn’t even offer me one... she ate the whole pack. #greedycat <media_or_link>,"@customer We're pleased you liked them Pickle...but, you could have shared with Teagan 🙄",
tesco-2899807,2,tesco-987485,987485,11.648902490316358,0.6897404527152234,positive_followup_proxy,"[""private_channel_request"", ""personal_data_request"", ""over_public_length_limit""]","@Tesco hey! <name_redacted> magazine cut my poor cat Mario last night, cost me £223 in vet fees, that deserves some treats of ya don't you think🐈 <media_or_link>","@customer Aw hello <name_redacted>! He is so sweet, look at that wee face! I'm sorry he is feeling poorly, I know he will be getting lots of cuddles! 1/3 @customer If you can DM me your details Vicky me and the girls would like to get a wee treat for Mario if that's ok? 2/3 @customer Please DM your full name, address and email address? also if you shop in store or online? Thanks - Laura 3/3","@Tesco It's his 7th birthday today! So he's getting extra cuddles!🐈😊 || @Tesco Aww thank you, I shall do that now"
tesco-2899807,3,tesco-1614656,1614656,8.786793419383411,0.6776437113486152,positive_followup_proxy,[],"@Tesco I can’t find this clumping cat litter at your Brookfield centre, Cheshunt anyone. Have you discontinued it? <media_or_link>","@customer Hi <name_redacted>, I'm sorry that you can't find the cat litter in Cheshunt store. I can see on the system that there are 11 packs in stock. 1/2 @customer Please be aware that the stock levels may change depending on the time you visit the store. TY - Eve 2/2",@Tesco Okay. Will keep an eye out for them. Thanks.
tesco-562470,1,tesco-2261207,2261207,19.963826029273772,0.95,positive_followup_proxy,"[""over_public_length_limit""]",@Tesco pls have a word with delivery driver who stopped (Wesley St Cwmbran @ 17:15 today) in middle of road to delivery groceries. Forcing cars onto pavement and 2 buses to get stuck! Reg: BL66YGE thanks,"@customer Hello <name_redacted>, I am sorry you had to wait while my colleague was delivering and I appreciate this must have been inconvenient for you. I will give the store a call when the department reopens later. TY @customer Hi <name_redacted>, thanks for your patience. I've passed all these details to the Home Shopping team in store and they will be addressing this with the driver. I'm confident this will not happen again. Thanks for letting me know.",@Tesco Thank you both Chris &amp; Natalie for sorting. Appreciate the response
tesco-562470,2,tesco-1261415,1261415,16.385703386986833,0.8530311493211293,positive_followup_proxy,[],@tesco thanks for blocking the road with all your trolleys at the busiest time of the day! <media_or_link>,"@customer Hi there, sorry to see these aren't put away properly. Can you confirm the store so that I can call our management team. Thanks",@Tesco Thanks for your reply its the Aberdare store. Not the first time either
tesco-562470,3,tesco-1830588,1830588,19.63057202866038,0.7763118281985488,no_customer_followup,[],@Tesco Are all of your delivery drivers mentally challenged or is it just the one that decided to park his van on a single road entrance?,"@customer Hi there, please can you let me know where this was &amp; also the van registration?",
tesco-599505,1,tesco-2171472,2171473,11.622069305429632,0.7380430120788948,positive_followup_proxy,[],@Tesco It's for a large order and request if discount for a good cause,@customer Please then choose the tab for community champion and you will find a form - Allyn 3/3,"@Tesco Hi thanks it's not for a charity, but thank for your help"
tesco-599505,2,tesco-1080174,1080174,11.01322235622225,0.7088087357635744,positive_followup_proxy,[],Thank you for having us to help collect donations at @Tesco! Can't wait to help out again tomorrow! @customer @customer 🎀🔥 <media_or_link>,@customer Hope you had a cracking day! All the very best for tomorrow too! TY,"@Tesco We had a great time, thank you! Roll on tomorrow ❤️"
tesco-599505,3,tesco-2672723,2672723,9.933091519877339,0.6569453842800643,positive_followup_proxy,[],@Tesco - so delivery driver ran out of time to bring my order apparently and no one rang to let me know !!! One very unhappy customer !!!,"@customer Hi <name_redacted>, I'm sorry, can you message me with your account name, address, tel number and email? Ty Andrew",@Tesco Just done this - thanks
tesco-2890034,1,tesco-1909366,1909366,17.636809380771616,0.8130679230555182,positive_followup_proxy,[],"@Tesco Hi, if I preorder a game off of Tesco direct will it be delivered the same day that it comes out","@customer Hi <name_redacted>, we do what we can to deliver in time for the day of release but can't guarantee delivery as these are not tracked item.",@Tesco Okay thank you
tesco-2890034,2,tesco-2035371,2035371,16.34554821832966,0.7667184953001438,positive_followup_proxy,[],@Tesco where can I buy them from now please? (I do not want to get them online as I don't need £20/£25 worth of food) Thanks.,"@customer Hi <name_redacted>, thanks for getting in contact regarding these products but unfortunately it looks like they have both been discontinued. TY",@Tesco great :( thanks for getting back to me. Please suggest they bring them back. Thanks.
tesco-2890034,3,tesco-2001690,2001691,15.932169682132702,0.7518803981309783,positive_followup_proxy,[],"@Tesco Although, if we go to @Tesco Extra Accrington branch, if they don’t have any, we could always try @customer","@customer @customer Hi <name_redacted>, I've had a look for you and the Great Harwood store doesn't stock the Banana milk shake but the Accrington store has them. TY",@Tesco @customer Awesome. Thanks. Accy it is then! || @Tesco @customer Yay. Thanks. <media_or_link>
tesco-576221,1,tesco-1669083,1669083,16.44267374819176,0.8051893091534092,positive_followup_proxy,[],@Tesco Any reason why your website keeps crashing???? <media_or_link>,"@customer Hi <name_redacted>, we're aware of the issue and it has been escalated to IT who are looking to find a resolution as quickly as possible.",@Tesco Thanks Danny. Been two days now.
tesco-576221,2,tesco-1595396,1595396,14.90041700578947,0.7465490635287759,positive_followup_proxy,[],Thank you Jim @customer Surplus collection volunteer @Tesco @customer <media_or_link>,@customer Great to see it not going to waste 👍 #EveryLittleHelps,@Tesco It does help !! Thank you @customer #zerowaste
tesco-576221,3,tesco-1454693,1454693,14.391935439126236,0.7272153928467564,positive_followup_proxy,[],"@Tesco why can't I find this online? Please help me, make my Christmas dreams come true! 🎅🏼 ❤️😂 <media_or_link>","@customer Hey, <name_redacted>! That's lovely! Where did you see it advertised? Can you give me some details please? Which magazine, page number, etc 1/2 @customer I'll be only too happy to query this for you :) - Dawn 2/2","@Tesco Tesco free magazine, featured on the 1st page and page 42 thanks"
tesco-2848270,1,tesco-278486,278494,12.3430841511197,0.913520708810952,positive_followup_proxy,[],"@Tesco You're a superstar! Thank you, I really appreciate it. Xx","@customer Hi <name_redacted>, you would need to contact Pom Bears as this is not our product. They will have the best information. TY","@Tesco Thanks, that's what I thought, which is why I didn't ask. I tagged you as a point of reference for the people who had suggested Pom Bears as a wheat free option to me. || @Tesco To be honest, even contacting Pom Bears is risky. There's no guarantee that if they are currently wheat free they would stay this way. And there would be no way of me knowing if this changed."
tesco-2848270,2,tesco-1406338,1406341,13.798286650045611,0.7899999999999999,no_customer_followup,[],@Tesco Thank you for your swift reply and explanation.,"@customer You're welcome Stuart, if you need anything else don't hesitate to get back in touch :)",
tesco-2848270,3,tesco-54515,54515,10.049081703483886,0.7771934926304453,positive_followup_proxy,[],"Dear @Tesco, is there a reason why your new packet design also means an increase in calories and sugars in your whole wheat pasta? #Tesco <media_or_link>","@customer Hi <name_redacted>, I can certainly look in to this for you and either I or one of my colleagues will get back to you as soon as possible! TY",@Tesco Thank you @Tesco - just seems odd that changing packaging would alter the nutritional content of the pasta. Look forward to hearing from you
tesco-2892572,1,tesco-41738,41738,12.335895614860776,0.9358865770832596,positive_followup_proxy,[],@Tesco plastic wrapped in more plastic... 🤦 #SaveOurOceans <media_or_link>,"@customer Hi <name_redacted>, packaging is vital to protect food &amp; reduce food waste. 1/2 @customer We have worked hard to ensure that the materials we use are the right materials to protect the food we sell. TY - Joanne 2/2",@Tesco This is a bs response... No offence... If you 'worked hard' you would not have added a second plastic wrapper
tesco-2892572,2,tesco-1349893,1349893,12.82802739867869,0.7060421345845623,no_customer_followup,"[""over_public_length_limit""]","Evacuated fm @Tesco in Dalmarnock due 2 alarm, staff moved 2 their evacuation pnt while leaving customers @ fnt dr, gr8 prctice #needswork","@customer Hi <name_redacted>. I'm very sorry about that. I have just spoken to the Duty Manager and he is very sorry that you feel like this.1/3 @customer He's assured me that it was dealt with properly, as our staff do need to leave. It is our Fire Wardens or Managers that assist customers.2/3 @customer He is going to feed this to the Managers and make sure this doesn't happen again. TY- Charlotte 3/3",
tesco-2892572,3,tesco-1609154,1609154,8.175414960079207,0.6809515825478465,positive_followup_proxy,[],Hi @Tesco. Friend has contacted online about issues with faux leather boots causing her kid painful rash. She's received no reply. What now? <media_or_link>,"@customer Hi <name_redacted>, please advise your friend to return the boots &amp; receipt to her nearest Extra/Superstore or Metro so it can be investigated 1/2 @customer If she has any queries please ask her to contact us directly - Laura 2/2","@Tesco Thanks Laura. She has contacted Tesco directly but has been ignored for 2 wks hence a public twitter request! || @Tesco If someone could respond to her initial online query, that would be less inconvenient than her going back in store."
tesco-2964734,1,tesco-1585485,1585485,17.9534287164099,0.69,private_handoff_without_outcome,"[""private_channel_request""]",@Tesco another of your lorries has stopped on double yellow lines at a dangerous bend stopping traffic and causing safety concerns in Rugby,@customer This isn't good to hear. Can you please DM where and when this specifically happened? Thanks,
tesco-2964734,2,tesco-2359179,2359180,13.229432203509063,0.6842374734226647,positive_followup_proxy,"[""private_channel_request"", ""personal_data_request""]",@customer @Tesco @customer make that 6 lines #joke <media_or_link>,"@customer Hi <name_redacted>, DM me your postcode and I can look in your local stores where this will be located for you? This can make your journey easier and quicker. Thank you",@Tesco Got some from my @Tesco local! Thanks :) || @Tesco Shame @customer are no help. Literally across the road and won’t be using them anymore!
tesco-2964734,3,tesco-2441090,2441090,15.633125113556787,0.5840230869326658,private_handoff_without_outcome,"[""private_channel_request""]",Oi @Tesco do you think blocking the entire pavement while straddling a double yellow is appropriate? <media_or_link>,"@customer Hello <name_redacted>, thank you for getting in touch and I am very sorry our delivery driver has parked on the full pavement as well as on double yellow lines. Can you please DM us the location of where you have saw this incident? TY","@Tesco It was on Upper Grove Place, Edinburgh. See this Google Streetview for reference: <media_or_link>"
tesco-74931,1,tesco-997344,997344,20.47435526837024,0.82,unclassified_followup,[],@Tesco Just added this to my basket and it goes up by £10? <media_or_link>,"@customer Hey, can you try clearing your cache&amp;cookies and adding this to your basket again please? Many thanks",@Tesco Now just showing the higher price. #baitandswitch Boo. <media_or_link>
tesco-74931,2,tesco-2207185,2207185,13.889693323199882,0.7362836228898997,positive_followup_proxy,[],@Tesco what is up with your website AGAIN?,"@customer Hi there, were experiencing some issues with our website earlier which should now be resolved. I'm sorry for the inconvenience caused and thanks for your patience","@Tesco Your thanks are misplaced, I wasn't being patient, but thank you for you tweet."
tesco-74931,3,tesco-2140709,2140709,13.459905934462649,0.7190705944870481,positive_followup_proxy,[],"@Tesco I'd like to add these two products to my online order but they don't exist on your website, why send me useless vouchers? #wasteofpaper <media_or_link>","@customer Hi <name_redacted>, I'm sorry to hear that you can't make use of the coupons. These can be used in-store as well. 1/2 @customer Perhaps if you're near a branch you can go inside to see if they have the items there? Thanks - Murray 2/2",@Tesco I'm disabled so only shop with you online. Shame I can't make use of them. Thanks for replying.
tesco-2935489,1,tesco-808482,808482,9.656413670772931,0.7956667268307793,positive_followup_proxy,[],"@Tesco hi, would i be able to purchase wine in your 24hr store tomorrow at 7am? Didn’t know if you had a time restriction for alcohol 🤔🤷🏼‍♂️",@customer Hi <name_redacted>. Could you let me know which store you plan on visiting? I'll be more than happy to check for you. Thanks,"@Tesco Thanks Chris, it would be Arena Park Coventry"
tesco-2935489,2,tesco-1517112,1517112,9.52211088763919,0.7871039458941589,positive_followup_proxy,[],Seriously getting annoyed with the @Tesco superstore in Dunmurry. Sent @customer to get me mango and strawberries and they didn’t have ANY! <media_or_link>,"@customer If you'd like me to check the other stores for you I'd be more than happy to do this for you. Thanks - Lee 2/2 @customer Hi <name_redacted>, Sorry to hear you weren't able to get mango or strawberries at your local Tesco. 1/2",@Tesco Thanks Lee but it’s a bit of an inconvenience having to travel so far out when I have a store so close to me. I’ll be going to @customer
tesco-2935489,3,tesco-2628208,2628208,11.52113497023515,0.7645562957777204,positive_followup_proxy,"[""private_channel_request"", ""personal_data_request"", ""over_public_length_limit""]",@Tesco didn’t realise you actually meant 4 cheese 😂😂 #illaddmyown <media_or_link>,"@customer Hi <name_redacted>, thanks for contacting us. I'm really sorry about the lack of cheese on your flatbread, I can understand your concerns. I would like to refund you for the item and also feed this back to our suppliers. 1/2 @customer So I can do this can you please DM me your full name, address, email, barcode, supplier code and date code? Can I pass over details to the supplier? Lastly would you prefer a refund via Post or Email? Thanks",@Tesco Haha very kind but don’t worry thanks 😂 just more cheese in future please 😂
tesco-76260,1,tesco-2348099,2348105,27.213241688940727,0.8216745392647016,positive_followup_proxy,[],@Tesco Hi <name_redacted>. I've just DM'd details as requested. Can you keep me updated please as to why this keeps happening? Thanks,"@customer @customer Hi <name_redacted>, I have logged your complaint on our systems and this will be fed back to the store. Ty","@Tesco Hi <name_redacted>. That's great, but why is it never open was my question? I could understand if it was midnight, but this was Saturday aft"
tesco-76260,2,tesco-1455443,1455444,34.775975700239115,0.7899999999999999,no_customer_followup,[],@Tesco Can you give me an email address and I’ll send full details,"@customer Hi <name_redacted>, you can email our customer service team at __email__. Many thanks",
tesco-76260,3,tesco-1033823,1033824,26.866949787925357,0.7635091505699236,positive_followup_proxy,"[""private_channel_request""]","@Tesco Thank you, I have messaged you with all the info, as requested. No, I don't want my details passed to your supplier.",@customer Hi <name_redacted>. I have responded to your DM. :),@Tesco Thank you
tesco-2267056,1,tesco-1637914,1637914,16.399798235014728,0.9098633329609842,positive_followup_proxy,[],@Tesco Help!! I can’t checkout on app or online...anyone else having problems??,"@customer I'm sorry, we're aware of the issue and it has been escalated to IT who are looking to find a resolution as quickly as possible.",@Tesco It took 7 hours! But luckily I didn’t lose my slot 😏 Thanks for the reply
tesco-2267056,2,tesco-2499779,2499779,16.11481999099672,0.8471805445498275,positive_followup_proxy,"[""over_public_length_limit""]","Oh @Tesco what have you done to your website, for 2 nights I’ve tried to do my shopping after 4 hours what would normal take an hour, I have given up. Please change it back else I will need to cancel my delivery saver &amp; shop else where","@customer Hi <name_redacted>, I'm sorry to hear you're finding our website a little hard to use after our recent updates. I have had your comments fed back to our Tech Teams in the hope that things can be changed in the near future. 1/2 @customer If there's anything further I can help with, please get in touch once again. Thanks - Murray 2/2",@Tesco Thank you Murray appreciate the reply
tesco-2267056,3,tesco-885220,885220,14.307608557625302,0.8167516672414796,positive_followup_proxy,[],"@Tesco Your removal of the ""shopping list"" feature in the Tesco site redesign was a terrible choice. It was so convenient to find things!","@customer Hi <name_redacted>, good news, this feature is set to return within the next few weeks. TY",@Tesco Awesome! Good to hear. Thanks for your reply Chris
tesco-497781,1,tesco-1991028,1991028,30.101029794297844,0.64,private_handoff_without_outcome,"[""private_channel_request"", ""personal_data_request""]","Well what a load of shit the @Tesco mince pies are , the pastry is dry , filling dull and they look a mess #saveyourmoney <media_or_link>","@customer Sorry to hear that, please can you DM your full name, address and the barcode number? I can then fully log your feedback.",
tesco-497781,2,tesco-1127412,1127412,23.036133578677,0.6275409733022979,unclassified_followup,[],Puff pastry mince pies @Tesco are just the best even if they are really early #delicious #hohoho,@customer 🙊 Have you stocked up Steve?,@Tesco No I'll get more they were for elevenses with coffee haha
tesco-497781,3,tesco-2346622,2346627,15.323643275586846,0.5974404520991347,positive_followup_proxy,[],@Tesco I enjoy attempting gingerbread trees. I always have mince pies and cream for a back up idea 😋😋,@customer Well if you need any more inspiration #EveryLittleHelps #EveryonesWelcome <media_or_link>,@Tesco Thank you @Tesco. I'm going to put on quite a bit of weight this Christmas. That gingerbread wreath is gonna be in me belly!😋😋
tesco-2855864,1,tesco-1397423,1397423,22.498379091866013,0.7899999999999998,no_customer_followup,[],@Tesco can you please tell me what you type of 'butter' used on your fish counter garlic &amp; herb salmon fillets? Dairy or vegetable based?,"@customer Hi <name_redacted>, please wait while I forward your query to our support team.",
tesco-2855864,2,tesco-1222756,1222758,12.295822142817745,0.628146691632366,positive_followup_proxy,[],"@Tesco No, I was just cleaning the kitchen and appalled by the state mine had got into and I just needed to tell someone.",@customer I hope it's nice and sparkly clean now :),"@Tesco It is, thanks - sorry for being a prat. :-D"
tesco-2855864,3,tesco-886113,886124,10.267796023513482,0.5542310814882234,positive_followup_proxy,[],@Tesco Meal for me with my weight training,"@customer If East Didsbury Superstore isn't too far, I can see that our system currently shows 22 there. TY - Paige 3/3",@Tesco Ah it's only up the road so that's great ☺️ why are they no longer in the Stockport store if being provided in others?
tesco-577439,1,tesco-1856536,1856536,13.953601183768246,0.6831665040816631,positive_followup_proxy,"[""private_channel_request"", ""personal_data_request"", ""over_public_length_limit""]",Would this egg be safe to eat? One wrinkly egg found in my carton. Never seen anything like it 🤔@Tesco <media_or_link>,"@customer That is an unusual one Tara, we can certainly feed this back to our supplier 1/4 @customer Please could we have a photo of the barcode, date code(usually on the eggs) and the SC code(usually near the Tesco address) 2/4 @customer Please could you DM us with your name, address, email address, the store you visited and price paid? 3/4 @customer Are you happy for us to attach your details on the report we send to our supplier? - Allyn 4/4","@Tesco Of course, thank you. Will send a DM. Can you confirm if safe to eat? Google tells me it's linked with infectious bronchitis..."
tesco-577439,2,tesco-1120780,1120780,10.299740410046567,0.6621296916816399,positive_followup_proxy,[],Hey @Tesco #Salisbury looks like one of yours here. Can you send someone to collect pls? Thx <media_or_link>,"@customer Hi there, I've reported the trolley, it may take up to 48 hours to be removed. Thanks for letting us know. Thanks",@Tesco Thanks Dafydd - have a good weekend!
tesco-577439,3,tesco-1046155,1046156,17.517666474304406,0.64,private_handoff_without_outcome,"[""private_channel_request"", ""personal_data_request""]",@Tesco I can't be arsed with all that. Just pass on the message to the relevant department. Choux pastry shouldn't taste like stale leather,"@customer We can make sure this is fed back, can you please DM your name &amp; email address? Ty","@Tesco No, and stop fishing for details because I don't want to give them. You don't need my details to pass on a message!!"
tesco-79513,1,tesco-2532052,2532052,11.065375648240888,0.7447696564345514,positive_followup_proxy,[],@Tesco hallowe'en party Tesco style #aintnopartylikeahalloweenparty <media_or_link>,@customer Looks great! Did the little monsters enjoy it?,@Tesco A fantastic time thank you! <media_or_link>
tesco-79513,2,tesco-910050,910059,12.794791315543293,0.6530379198269634,unclassified_followup,[],@Tesco Vegan spicy chicken burgers ❤️,"@customer Hi there, I'll look into this and get back in touch with you when I have some more information. Kind regards @customer @customer Good news! Our Edinburgh Leith Superstore currently have stock of these. The store is on Duke Street, EH6 8HL. TY. Jennifer",@Tesco Why have they been removed from a lot of Tesco’s?!
tesco-79513,3,tesco-969433,969433,8.998318553256954,0.6392683917259947,positive_followup_proxy,[],Just prepping our 10 year old’s birthday party with Tesco ‘fun’ party napkins when this... Seriously @Tesco - ‘w.t.f’ were you thinking? <media_or_link>,"@customer Hi <name_redacted>, I understand your concern and I'd like to assure you I've just made a record of this feedback so it can be reviewed. TY","@Tesco Uhm... thanks @Tesco. Appreciate your record keeping, but let me reiterate: children. Birthday party. Ages 7-10. Your product Inappropriate."
tesco-2937805,1,tesco-2151270,2151270,17.483061067089928,0.7899999999999999,no_customer_followup,[],Thank you to @tesco Ollerton for supporting our event with some fantastic breakfast treats #PWABigBreakfast <media_or_link>,@customer Glad we could help 😊,
tesco-2937805,2,tesco-992960,992960,12.57399840392923,0.7697524839417718,positive_followup_proxy,[],Today is Christmas cake baking day 🙆‍♀️ #christmascake #lotsofbrandy,@customer Sounds productive! Got your recipes yet? #EveryLittleHelps <media_or_link>,"@Tesco I do, but I'll check these out as well, thank you 👌"
tesco-2937805,3,tesco-1128428,1128428,16.618458147882613,0.7494479255646729,no_customer_followup,[],Thank you Angela @tesco #earlstown for supporting our @customer afternoon tea. We raised £430,"@customer Hi <name_redacted>, Thank you very much for the compliment towards my colleague can you please tell me which store this was held in? 1/2 @customer So that I can contact the store and give this feedback to the lovely Angela.2/2 TY- Natalie",
tesco-106393,1,tesco-1217704,1217704,13.256702051840096,0.8411892916064849,positive_followup_proxy,[],"@Tesco Hello, please can you let me know which stores near Reading are stocking the Kelloggs advent calendar? Thanks","@customer Hi there I've had a look and all stores around about that area are sold out.1/2 @customer The closets store I can see that these are stock in, is the Bracknell North Superstore. Thanks, James. 2/2",@Tesco Thank you for letting me know! @customer
tesco-106393,2,tesco-796033,796035,15.708500574290792,0.7534748285282402,no_customer_followup,[],"@Tesco Thank you, but I don't want you to sort mine, but to sort the home delivery service which is widely known to be falling apart. Ask others.","@customer Hi there, for us to sort this we require some details, can you reply with the information previously requested. 1/2 @customer We are keen to log all feedback to ensure technical issues are fixed, look forward to hearing back from you. TY - Chris 2/2",
tesco-106393,3,tesco-982944,982944,11.478287454905516,0.7524893507817161,positive_followup_proxy,[],Oooooh 😋 @Tesco can't wait to pick up one of these this year 👌🏻 first milk free advent calendar! <media_or_link>,"@customer Hi <name_redacted>, I hope you enjoy it :)",@Tesco Thank you! 😊
tesco-2908618,1,tesco-867690,867690,11.85396736689778,0.8059813848595374,positive_followup_proxy,[],"@Tesco having trouble w/ online ""20% off when you buy 3 or more homebaking"" offer, 7 valid items in basket but saying offer is incomplete?","@customer Hi <name_redacted>, what items have you added to the basket? I'll take a look for you? Charlotte","@Tesco Hi thanks, these are the items in my basket <media_or_link>"
tesco-2908618,2,tesco-1616847,1616847,15.528022838949571,0.7899999999999999,no_customer_followup,[],You are charged £1 to use Pay at Pump but there is no sign advertising this...naughty @Tesco,"@customer Hi <name_redacted>, I'm sorry for the confusion. The £1 will be returned within a couple of days. 1/2 @customer £1 charge is pre-authorisation check and the deduction is made to check that there are no blocks on the card. TY - Eve 2/2",
tesco-2908618,3,tesco-2266218,2255048,10.507910196749789,0.7348991298313745,positive_followup_proxy,[],@Tesco @Tesco - anything to report? Still not available online. Quite sharp practice to promote a deal (literally on a banner outside Cheriton store) that isn't actually available. <media_or_link>,"@customer Hi <name_redacted>, I'm pleased to say that there was a delivery today at around 10am so there should be plenty for the next time your in store. Have a nice day :)","@Tesco So they have, and they did. Thank you!"
tesco-2839331,1,tesco-1672100,1672102,18.125811540029588,0.9069828019882362,positive_followup_proxy,[],"@Tesco Hi <name_redacted>, yes it is.","@customer Hi <name_redacted>, I've spoken with a Duty Manager who confirmed this bus stop is the property of TFL, please direct your feedback to them. TY","@Tesco Thank you Jo, however I am aware that your duty manager is not correct. It is the property of Tesco as they will not allow a TfL stop"
tesco-2839331,2,tesco-829641,829641,16.714956968270343,0.8503968109273485,positive_followup_proxy,[],@Tesco hey! <name_redacted> does dolphin friendly.mean on your tuna of. Cans? <media_or_link>,"@customer Hi <name_redacted>, dolphin friendly means that dolphins are not harmed during the fishing process. TY",@Tesco Thank you!
tesco-2839331,3,tesco-1269627,1269627,15.354158691670943,0.7958184577386791,positive_followup_proxy,[],"@Tesco Hi, <name_redacted> you be kind enough to call your store on Long Causeway, Kearsley please &amp; see if they have ResEvil7 (PS4) in stock? Thanks.","@customer Hi <name_redacted>, I've just tried to call but cannot get through just yet. I'll let you know when I can. TY @customer Hi <name_redacted>, thanks for waiting. I've just called but unfortunately they don't have any in stock. :(","@Tesco Ok, no worries and thank you for your help:)"
tesco-2934771,1,tesco-2544225,2544225,27.486813936549886,0.82,unclassified_followup,[],Turkey Trimmings sandwich is back at Tesco 😍💦💦💦,@customer It's that time of year again 🙌 What's your go to meal deal now that it's back on the shelves?,@Tesco Paprika walkers Max and a bottle of Coke usually goes down well
tesco-2934771,2,tesco-2473848,2473846,24.513716809317593,0.7013051207041244,no_customer_followup,[],"@Tesco You're not reading my tweets are you? 🤔 where are the ones WITHOUT the bacon and sausage. Literally just turkey, stuffing and cranberry sauce, that's it!",@customer We don't have any sandwiches listing only the ingredients you've mentioned unfortunately. :(,
tesco-2934771,3,tesco-2473845,2473846,23.245449879432922,0.6934695649024917,unclassified_followup,[],"@Tesco Yeah but that's got the bacon and sausage I thought last year you did a turkey, stuffing and cranberry sauce one? 🤔","@customer Hi there, our Tesco Turkey And Trimmings Triple Sandwich does contain onion stuffing and cranberry sauce, along with the pork and bacon you've mentioned. Thanks","@Tesco You're not reading my tweets are you? 🤔 where are the ones WITHOUT the bacon and sausage. Literally just turkey, stuffing and cranberry sauce, that's it!"
tesco-1971968,1,tesco-832788,832788,23.157501811023984,0.82,unclassified_followup,[],Which one of you guys is stocking the Milkybar with smarties in? @sainsburys @Tesco @Morrisons @customer? Can’t find them anywhere!,"@customer Morning <name_redacted> :) Interesting sounding product! Where have you seen this advertised? I've not been able to find my end, sorry","@Tesco On a billboard in Oxford! I’m determined to find it, if only to bring back a bit of my childhood! 😅"
tesco-1971968,2,tesco-1287099,1287099,15.021881171399034,0.7119201812469826,positive_followup_proxy,[],"@Tesco Hi, can you tell me how to find 'search multiple items' on your new site pls as I cant find it, thank you .","@customer Hi <name_redacted>, have you experienced this using our Grocery or Direct website? This will help the right team deal with your issue.TY","@Tesco Hi, it's the grocery website please. There used to be a dropdown to add a whole list of items, but I cant find it now. thanks."
tesco-1971968,3,tesco-1616890,1616890,14.352162218966896,0.688205639606186,positive_followup_proxy,[],"@customer @tesco @sainsburys @customer @Morrisons @customer @customer @customer @customer @customer do any of you sell vegetarian or vegan ""pigs in blankets"" please? It seems a impossible task to find some, but I'm sure there must be somewhere that sells them!","@customer Hi there, I'm really sorry as we don't sell them! I'm very sorry for any disappointment caused. TY",@Tesco Thanks for letting me know so quickly :)
tesco-2885411,1,tesco-1913012,1913012,26.40729855000653,0.7899999999999999,no_customer_followup,[],"@Tesco Hi <name_redacted> a sandwich, chocolate bar, crisps and a drink all included in the £3 meal deal?","@customer Hi <name_redacted>. You wouldn't get both the crisps AND the chocolate bar, as they are both snack options. It's one or the other. Hope this helps",
tesco-2885411,2,tesco-2383767,2383770,17.954791689929166,0.7375325759983229,positive_followup_proxy,[],@customer @Tesco £3 in Tesco! Think the delivery guy was a bit surpised as he ordered JUST those 😂 #chocoholicalert,"@customer Hi <name_redacted>, I hope you have a wonderful wedding day and we wish a wonderful future.",@Tesco Thank you so much! 😊
tesco-2885411,3,tesco-2471824,2471824,17.92556891258088,0.6866251496903943,positive_followup_proxy,"[""over_public_length_limit""]",Hey @Tesco just wondering if your vegan Christmas sandwich is ever coming to Aberdeen?,"@customer Hi <name_redacted>, we're waiting on more information for this product. As soon as we have an update we will let you know @customer Hi <name_redacted>, it's not stocked in the Aberdeen stores. But you can make a request at the customer service desk. The product TPNB you need to give my colleagues is: <number_redacted>",@Tesco Thank you!
tesco-568003,1,tesco-1560113,1560113,14.995351181204018,0.7899999999999999,no_customer_followup,[],"So excited for tonight, I love bonfire night ❄️🎇🔥",@customer What's the plan Liv? Going to watch a local display or having a gathering of your own? 😇🎆,
tesco-568003,2,tesco-961603,961603,14.137068253009359,0.7430659874106988,no_customer_followup,[],Thanks to @Tesco for being open on Saturday night. Thoughtful of people on a night shift. :),@customer We are always here to help. :-) Chris,
tesco-568003,3,tesco-1812607,1812607,13.895905813677343,0.7298783535992195,no_customer_followup,[],@Tesco Your takeaway mighty meatball is the saddest pizza I've ever eaten turned out to be a bland flap of bread. It's made me more hungover,"@customer Oh no Nicola, how disappointing. Had you had it before? Do you still have the outer packaging so I can take some details? Thanks, Leah.",
tesco-2920812,1,tesco-1617753,1617753,11.451593619532925,0.8634460967001838,positive_followup_proxy,[],"@Tesco. Just bought some of your own brand tea - the one in the red packaging! I must say, it is delicious!","@customer Hi <name_redacted>, good to hear you enjoyed our tea :) Was there anything in particular you enjoyed about it? I'd like to log your feedback :) TY","@Tesco The flavour was comparable with more expensive brands - Twinings, I'm looking at you! Great value and great taste!"
tesco-2920812,2,tesco-1856433,1856433,12.914974731979253,0.8507825969738468,positive_followup_proxy,"[""private_channel_request"", ""over_public_length_limit""]",@Tesco #BorehamwoodTesco where is my duck? Hoisin duck wrap with no duck? Thanks <media_or_link>,"@customer Hi <name_redacted>. Sorry to see this, I understand your disappointment as I'm a fan of these too and would be devastated to get no duck in it! 1/4 @customer Could you please DM me with some details and I can feed this back to our suppliers and you refunded for your wraps? 2/4 @customer I will need your full name, address, email address, barcode, supplier and batch code, date code, price and store it's from. 3/4 @customer Is it also ok if I pass your details onto our suppliers? Thanks Calum 4/4",@Tesco Thanks. I'll dm you now
tesco-2920812,3,tesco-1445674,1445674,13.739645033244466,0.82,unclassified_followup,[],"Bacon Sausages. Bravo, @Tesco! Bravo! 👌🏻 <media_or_link>","@customer Hi there, enjoy your meal :) Paras",@Tesco I think it’d be impossible to dislike sausages with bacon in them...
tesco-2960691,1,tesco-832562,832562,27.504726042040947,0.6993032891677953,unclassified_followup,[],@Tesco very disappointed that you have had No lettuce for 2 days and selling coleslaw on sell by date. #Food #notgoodenough #disappointed,"@customer Hi <name_redacted>, I can appreciate that this is very frustrating and I would like to look into this for you. 1/2 @customer Are you able to let me know the name of the store? Regards - Isaac 2/2",@Tesco Yes I will DM you the details- if you can message me please. It’s unacceptable in a giant store!! #food #tesco #disappointed || @Tesco Oh and while you are sorting this out could you also sort my Tesco card out that I reordered 3 months ago🙄🙄🙄 explains #Tesco #profits 😂
tesco-2960691,2,tesco-1455443,1455444,28.649811939142705,0.6984169161495347,no_customer_followup,[],@Tesco Can you give me an email address and I’ll send full details,"@customer Hi <name_redacted>, you can email our customer service team at __email__. Many thanks",
tesco-2960691,3,tesco-2357131,2357132,32.25192231158211,0.69,private_handoff_without_outcome,"[""private_channel_request""]",@Tesco I have DM’d you. Yes you can pass my details to the supplier,@customer I'll reply to your DM shortly :),
tesco-2827775,1,tesco-1842829,1842829,21.633452864073803,0.69,private_handoff_without_outcome,"[""private_channel_request""]",@Tesco who do I need to talk to about a health and safety issue in one of your express stores?,"@customer Hi <name_redacted>, the Store Manager would be able to address any concerns, we can pass it to them if you'd like to DM the details? Thanks, Leah. <media_or_link>",
tesco-2827775,2,tesco-1858249,1858248,18.843574551895866,0.6842517299314229,no_customer_followup,[],"@Tesco Health and safety issue, not H&amp;M","@customer Hi <name_redacted>, please be assured that management have looked into this and ensured that everything is correct. TY",
tesco-2827775,3,tesco-927729,927729,18.218699555644868,0.6605663062431523,no_customer_followup,[],Cannot believe @Tesco Hattersley has not got any poppys for sale - sort it out Tesco! Outraged!,"@customer Hi <name_redacted>, I am sorry you weren't able to find any poppy's on your visit! I can assure you it's not that we aren't selling them 1/2 @customer We are awaiting a delivery and they will be available in store from the 1st of November. TY - Martin 2/2",
tesco-2846465,1,tesco-1316608,1316608,34.22945858945298,0.7699999999999999,unclassified_followup,"[""unsupported_financial_promise""]",@Tesco How long does it take you to process a points statement? I've been waiting an age.,"@customer Hi <name_redacted>, previous Clubcard collection period ends 19/10/17. You will receive your Clubcard statement in mid November. TY",@Tesco It takes a month! ?
tesco-2846465,2,tesco-1813668,1813668,19.60220141025424,0.6495898158716786,positive_followup_proxy,[],@Tesco good god Tesco how long does it take to fix a travelator in your Burnley store been out now for nearly 5 months #appallingservice,"@customer Hi, <name_redacted> been in touch with the duty manager of the store and she informed me the the travelator should be fixed before Christmas",@Tesco Ok thank you
tesco-2846465,3,tesco-1439839,1439846,18.819665288909377,0.6308434013519788,positive_followup_proxy,[],@Tesco this is several weeks now we have suffered this nuisance...how long does it take Tesco to fix their trolleys?!,"@customer Many thanks Bernie, I've asked our Management Team to address this with the Trolley Team. Rest assured it'll be addressed",@Tesco Thank you!
tesco-504331,1,tesco-2263997,2263997,17.548007637094905,0.7355156312053175,positive_followup_proxy,"[""private_channel_request""]",@Tesco sent a dm about my Tesco direct preorder which is out tomorrow but hasn’t been dispatched,"@customer Hi there, just to let you know I've responded to your DM. Best wishes. Mike",@Tesco Yes I know thanks I dm’d the info a about 10 mins ago
tesco-504331,2,tesco-1258336,1249094,15.86621357841775,0.7274832544217251,positive_followup_proxy,[],@Tesco Regrettably this “item” is a Christmas item that your staff say hasn’t even been delivered yet! So why is it available to order online?,"@customer Sorry Helen, can you please let us know what the items is, along with your full name, address and email address? Thanks","@Tesco Hi <name_redacted>, please follow me so I can DM you as not writing those details publically. Thanks"
tesco-504331,3,tesco-1068862,1068872,15.839723389786815,0.6765691778142076,positive_followup_proxy,"[""private_channel_request""]",@Tesco @customer Jill said it had arrived but I’ve had no email and the status of it says still hasn’t been dispatched,"@customer @customer Hi <name_redacted>, I can see one of my Colleagues is replying via DM.",@Tesco @customer Thanks for taking this off line <media_or_link>
tesco-454997,1,tesco-1002081,1002081,14.837012484579695,0.8236278723455712,positive_followup_proxy,[],@Tesco Hello. Has the new rules apply in Tesco Express that you have to pay 10p for a plastic bag? Just been to Tesco Express in Shepherds Bush and was told this are the only bags Tesco is providing from now on. Not impressed at all. Can you please advise? <media_or_link>,"@customer Hi <name_redacted>, my colleagues were correct that the couldnt supply a 5p bag. You can read more on this here:<media_or_link> TY",@Tesco Thank you Paul. So understand from the article that once this bag is damaged it is going to be replaced for free?
tesco-454997,2,tesco-1575497,1575497,18.90277093348607,0.7899999999999999,no_customer_followup,[],@Tesco Why are some express stores open 24 hours even on a Sunday? Doesn't the Sunday trading law count,"@customer Hi <name_redacted>, I'd like to look into this what store are you referring to? Ty",
tesco-454997,3,tesco-1847521,1847521,12.702090186252581,0.7310151918667005,positive_followup_proxy,[],Hey @Tesco what time is your photo counter open in Dundee Riverside open on a Sunday?,"@customer Hi <name_redacted>, sorry for the delay, I've tried contacting the store but I haven't been able to get through. 1/2 @customer Would you like me to keep trying and let you know once I get through to them? Ty - Marian 2/2",@Tesco Yes please. If you could get the Saturday hours too that would be great thanks
tesco-536216,1,tesco-2668904,2668904,23.2767977925048,0.82,unclassified_followup,[],Hi @Tesco can you please confirm what time your Gorgie Road store opens today? Thanks,"@customer I don't have a store listed on Gorgie Road, is it this one? <media_or_link> If so, they opened at 7am Fraser. I hope this helps, Leah.",@Tesco @customer @customer EXACTLY 🇦🇹
tesco-536216,2,tesco-753183,753189,15.592887321654246,0.6793095621543641,positive_followup_proxy,"[""over_public_length_limit""]","@Tesco I was told there was nobody available, as I am every time.","@customer Hi <name_redacted>, I'm really sorry that no manned checkouts were available last night in store. 1/3 @customer They have advised that there should be a manned checkout available until midnight and the self service tills are available 24/7. 2/3 @customer The duty manager will investigate this and make sure that a manned till is available until midnight. Thanks, Jessica 3/3",@Tesco Thank you!
tesco-536216,3,tesco-370862,370862,15.314999704094532,0.669520077860595,positive_followup_proxy,"[""over_public_length_limit""]","@Tesco Is there a problem with your website? Grocery Delivery, no slots available until 22nd November??","@customer Hi <name_redacted>, I'm sorry you're having some issues booking a delivery slot. Can you please try the following fix ? 1/4 @customer Click the 'Click+Collect tab at the top of the screen. Scroll down and pick any collection slot at any store and it will say 'Booked'. 2/4 @customer Then proceed to change it back to home Delivery and after a short while the site will re-load the availability. 3/4 @customer You will then be able to select and confirm your slot. I hope this helps. Thanks - Murray 4/4",@Tesco That worked. Thank you.
tesco-475220,1,tesco-1295433,1295440,16.964702357342624,0.823254803547615,positive_followup_proxy,[],@Tesco Thank you so much!! You are honestly the best company. So helpful!,"@customer Heh, if you thought that was helpful, I'll do you one better! :D - Robyn <media_or_link>","@Tesco Haha thank you very much!! I made the vegan Victoria sponge from the website the other day, and it went down very well at work and at home!! 😍 Stunning!"
tesco-475220,2,tesco-754371,754371,19.008460990432383,0.7207485037219589,unclassified_followup,[],"@Tesco on real food it states customer recipe, can we upload our own recipes for others to try out #everylittlehelps","@customer You certainly can Nick, you just need to log in to do! Any recipe you had in mind? #EveryLittleHelps <media_or_link>","@Tesco One I came up with, has chorizo, Pancetta and cream cheese to be served with pasta || @Tesco Opened the fridge one night and experimented with 6 ingredients to make the sauce, my fiance he loves it, one of his favorite meals"
tesco-475220,3,tesco-2253298,2253298,14.16499579038025,0.7170976391136112,positive_followup_proxy,[],@Tesco Why have you discontinued your Tesco Finest Katsu curry!? It was the best one ever!,"@customer Hi <name_redacted>, could you please let us know which store you visit for shopping and I will look into this for you? TY","@Tesco Thank you for the response, it's the Church Langley Tescos in Harlow Essex."
tesco-1868285,1,tesco-1851633,1851652,19.31965517269464,0.8519127071845447,positive_followup_proxy,[],"@Tesco Okay, it has gone past 11.30, and still no signs. Any joy in looking up their location or how far they are? Would like to go to bed soon!","@customer Hi there, I'm sorry your order did not arrive last night, I appreciate this is frustrating. 1/2 @customer I will ensure one of my colleagues contacts the Dotcom tomorrow to follow this up and find out what happened. Kind regards - James 2/2",@Tesco Thanks. Rather frustrating as I end up staying up till 1am. Haven’t even had any indication to say that it won’t come after the last text.
tesco-1868285,2,tesco-1740980,1740980,18.627832159889095,0.7778519944403683,positive_followup_proxy,"[""unsupported_financial_promise""]","@Tesco just received this, im already on delivery saver, but just curious will I get priority access to Christmas delivery slots too? Thnx❤️ <media_or_link>","@customer Hi <name_redacted>, if you are eligible for prior our priority Christmas slots, you'll receive an email from Monday :) 1/2 @customer Qualifying customers can book slots from the 26th November onwards. Kindest regards- Hannah. 2/2",@Tesco Amazing. Thank you. xx
tesco-1868285,3,tesco-2572829,2572829,16.406179992077504,0.750585795372464,positive_followup_proxy,[],"@Tesco Hello, when can we book Xmas delivery slots please? Thanks","@customer Hi there, thank you for your query, we do not have the dates at the moment. However it is usually towards the end of November for Delivery Saver customers. TY",@Tesco Thank you!
tesco-2896686,1,tesco-927691,927692,15.870188777792826,0.8014843147016784,positive_followup_proxy,[],@Tesco Hi <name_redacted>. Just dm’d. Thanks,"@customer Hi <name_redacted>, Thank you for your details I have sent out a money card via post. This will be with you in the next 10 working days. 1/2 @customer This contains your refund. I hope this helps. Thank you - Brooke 2/2",@Tesco Thanks so much for sorting Brooke. Hugely appreciated
tesco-2896686,2,tesco-1342927,1342929,20.312990591993074,0.795466595537384,unclassified_followup,[],@Tesco Hi <name_redacted>. How? Private DM?,"@customer Hi <name_redacted>, that would be the best option, yes.",@Tesco For £2 I’m not going to pursue. I’m just grateful &amp; impressed that @Tesco responded so quickly and effectively. I’ll DM email but no more.
tesco-2896686,3,tesco-1849973,1849974,20.939474239244177,0.7899999999999999,no_customer_followup,[],"@Tesco Hi <name_redacted>, thanks for your reply, I've sent a DM :)","@customer Hi <name_redacted>, I have replied to your private tweet. Thanks - Gemma :)",
tesco-573793,1,tesco-2266272,2266272,15.642541634553517,0.82,unclassified_followup,[],"@Tesco #BurgessHill closed ? Says midnight everywhere ! Wasted drive, wasted petrol ! Not happy 🤬🤬 <media_or_link>","@customer I am very sorry about this Hassan, our store now closes at 22:00",@Tesco Its not updated on the website or any signage at the store? I drove all the way to shoreham instead 🤨😞
tesco-573793,2,tesco-1655639,1655640,10.861378603610348,0.7493659421232985,positive_followup_proxy,[],@Tesco I don't actually have the packaging cause I assumed it would work when I used it. but the cartridge says Tesco on it so proof I got t there?,"@customer Hi <name_redacted>, If you take the ink cartridge back to the store you should be fine. TY",@Tesco Thank you
tesco-573793,3,tesco-370669,370669,9.053849258229054,0.6546131776531934,positive_followup_proxy,[],@Tesco just wondering do your staff water the plants when they're in store? #askingforamate,"@customer Hi <name_redacted>, all of our plants are watered and also sat in water when they are on display in the store. 1/2 @customer If you let me know the store I can call them to raise this issue with them? Ty - Darren 2/2",@Tesco Hi @Tesco Darren. No issues. I was just wondering. Thanks for your reply
tesco-2841165,1,tesco-1958925,1958925,15.738173239642508,1.0,positive_followup_proxy,[],Righto @Tesco cost per 100g - give me a clue - calculator at the ready ? <media_or_link>,"@customer Hi <name_redacted>, I'm sorry for any confusion, did you alert my colleagues in store to this? If not, can you let me know which store it is? TY",@Tesco Thanks for the prompt reply. Pinner - north west London
tesco-2841165,2,tesco-850742,850738,11.452143593157627,0.5966866423057982,unclassified_followup,[],"@Tesco Easy mate, you give us a voucher and we will do it 😉😘🤙","@customer We gave you the recipes, rest is down to you 😉","@Tesco Think of the marketing value we would be to you ❤️ || @Tesco Fine then, we shall stick to @AldiUK haha😤😝"
tesco-2841165,3,tesco-1500834,1500834,8.417093619495917,0.5685525983791642,positive_followup_proxy,"[""over_public_length_limit""]","@Tesco disgusting, going speed limit on QE2 bridge, beeping for us to go faster, then tried to drive into us in next lane making us swerve <media_or_link>","@customer Hi <name_redacted>, I'm so sorry to see this! Obviouly we expect far more from our drivers! 1/4 @customer Could I ask you to contact How's My Driving? either on <number_redacted> or __email__ 2/4 @customer The reason for this is because they deal with all our driver complaints.3/4 @customer They may also wish to contact you personally to ask for more info from yourself. TY - Martin 4/4",@Tesco Thank you. Will ring them on Monday when back from our trip.
tesco-2913751,1,tesco-2138013,2138013,12.2681112020081,0.6936884985476661,positive_followup_proxy,[],@tesco please resist temptation to say you dont know about problem. Everyone else does,"@customer Hi <name_redacted>, we're working on getting a fix for this no later than March 2018. Kind regards",@Tesco Whooah - thank you.
tesco-2913751,2,tesco-2799251,2799251,19.58356321795896,0.64,private_handoff_without_outcome,"[""private_channel_request"", ""personal_data_request""]",@Tesco who can I complain to about delivery saver taking money of their customers??? #disgusting #shameful,"@customer Hello <name_redacted>, I am sorry, can you please elaborate on how Delivery Saver is taking money from customers? Can you please DM your full name, address and email? I can log your feedback. TY",
tesco-2913751,3,tesco-1354424,1354424,10.70430777595774,0.6282091577816633,positive_followup_proxy,[],"@Tesco I understand the £60.00 sprend, money off fuel is in store only. What about those who have paid up front for a years delivery?????","@customer Hi <name_redacted>, grocery home shopping orders delivered between 16 October and 5 November will qualify. TY",@Tesco Be good to have that info before shopping!! Thanks.
tesco-454716,1,tesco-2236810,2236810,27.274363648887228,0.85,positive_followup_proxy,"[""private_channel_request"", ""personal_data_request"", ""over_public_length_limit""]",@Tesco - this is the 2nd green Thai chicken soup I’ve had recently- with no chicken in it #profitmargins <media_or_link>,"@customer Hi <name_redacted>, I'm terribly sorry to see this! Not the level of quality we expect our customers to receive! I'd like to get this logged and fed back to the suppliers as well refund you for the item 1/3 @customer To do this could you DM me your name, address, email, the barcode and supplier code of the item, the store you purchased the item from and the price you paid? 2/3 @customer Would you prefer your refund sent via post or email? Finally do I have your permission to forward your details to our supplier? TY - Martin 3/3","@Tesco Tesco’s address: 158-164 Bishopsgate, Bishopsgate, London EC2M 4LN. Refund via email is fine. Thank you for your help with this. Yes, it's fine to share info with the supplier 2/2"
tesco-454716,2,tesco-2348095,2348095,14.462649795790151,0.6148175812722133,positive_followup_proxy,[],@Tesco check out this sharp piece of plastic in my soup! #Dangerous #Recall <media_or_link>,"@customer Hi <name_redacted>, I'm so sorry you found this in your soup. Can you check the seal on the tub &amp; lid is still attached? As the piece of plastic looks like it's part of the seal.","@Tesco Thanks for replying. However, this is a completely different plastic. It's solid grey not transparent. See pic <media_or_link>"
tesco-454716,3,tesco-1374642,1374635,12.517145847597563,0.5563262720686342,positive_followup_proxy,[],@Tesco Argh! They just wanted to tease me! <media_or_link>,"@customer Hi <name_redacted>, the nearest I can find are in our Walsall Extra, Littleton Street. Had a delivery last night! Ian",@Tesco Thank you!
tesco-93970,1,tesco-1786935,1786940,11.514659311095961,0.9849218731098628,positive_followup_proxy,[],@customer @Tesco @AldiUK ....and Aldi sell food that doesn’t stay fresh!!,"@customer Hi <name_redacted>, if you haven't already, you should try getting a Clubcard with us, there are a lot of perks you mightn't have known about",@Tesco Had one for years thanks
tesco-93970,2,tesco-2390759,2390759,10.050804754198479,0.8825924406825494,positive_followup_proxy,[],@Tesco Please confirm your turkeys are not halal.,"@customer Hi <name_redacted>, thanks for contacting us. We can confirm that none of our own brand Tesco Turkeys are Halal. Many thanks, Lawrence.","@Tesco Thank you, another press fake news. || @Tesco @customer <media_or_link> plenty of halal, but they try to pretend there isn't rather than stop the abuse."
tesco-93970,3,tesco-2166858,2166805,11.246126772202542,0.7861503481904282,unclassified_followup,[],@Tesco Turkeys halal?,"@customer Hi <name_redacted>, sadly we will not be selling Halal turkeys this year. Thanks",@Tesco @customer U never did sell halal turkeys in Belfast...
tesco-2930442,1,tesco-1405568,1405568,22.3329364765645,0.622111659780589,unclassified_followup,"[""personal_data_request""]","@Tesco hi, I bought 2 x 1l of this milk from Tesco Express in Roath earlier, just noticed that the use by date is 4 days ago. <media_or_link>","@customer Hi, <name_redacted> really sorry you were able to buy an out of date item from our store. I'd like to get an internal log of this. 1/2 @customer To do so could you please send me your name address and postcode? I'll also need the barcode from the milk. - Nick 2/2",@Tesco Can I DM my details? You’ll have to follow me.
tesco-2930442,2,tesco-1705565,1705565,27.246972499720023,0.59,private_handoff_without_outcome,"[""private_channel_request"", ""personal_data_request"", ""over_public_length_limit""]",@Tesco 3 days PAST use by date!! Bought tonight from sidcup in a rush and fed to my 5 year old before noticing the date! Disgraceful!! 😡 <media_or_link>,"@customer Hello K, I am truly so sorry to see this! I can complete understand your anger and I sincerely hope your 5 year old is ok. 1/5 @customer I have spoken to the store and gotten them to check the rest of the stock and an assure you everything else in is date. 2/5 @customer Given how serious this is I would like to have this investigated immediately to find out how this has happened! As well as reimburse you 3/5 @customer Could you please DM me your name, address, postcode, email, a photo of the barcode and supplier code. 4/5 @customer Would you prefer the refund via an email or sent in the post? - Martin 5/5",
tesco-2930442,3,tesco-850753,850753,20.590021448192076,0.5896584808712598,no_customer_followup,[],@Tesco omg 🤢🤢 bug in my food. Absolutely disgusting <media_or_link>,"@customer Hi there, thank you for contacting us. I have already dealt with this complaint with these exact images. 1/2 @customer If you ever need anything else, now or in the future, please don't hesitate to get back in touch. - Paul. 2/2",
tesco-446932,1,tesco-1364494,1364494,17.931287979708266,0.8298126310141648,positive_followup_proxy,"[""private_channel_request"", ""personal_data_request"", ""over_public_length_limit""]",Really not happy @Tesco get this to save time &amp; going to end up throwing it in the bin as it’s unusable!! Waste of money 🙄 <media_or_link>,"@customer Hi there Kate, so sorry about the state of the shortcrust pastry, I totally understand the frustration.1/3 @customer Would you be able to DM us with your full name and address, what store you purchased this from and the products bar code.2/3 @customer We would love to get this issue looked into for yourself. Thanks James.3/3","@Tesco Thanks James, have sent a message"
tesco-446932,2,tesco-2024840,2024840,15.74748877869325,0.7824057862550485,positive_followup_proxy,"[""private_channel_request"", ""personal_data_request""]",@Tesco my ‘ready to eat’chicken thighs were frozen :-((( #ruinedlunch,"@customer Hi Vikki; I'm sorry about that! Please DM me a photo of your receipt and barcode number, I'll happily report this to the store 1/2 @customer Please also DM me your full name and postal address, I'll pop a refund in the post to you :) - Mat 2/2 <media_or_link>",@Tesco Ah thank you! I’ll do this now
tesco-446932,3,tesco-1603834,1603843,16.023640301558416,0.7447233328981732,positive_followup_proxy,"[""private_channel_request"", ""personal_data_request"", ""over_public_length_limit""]",@Tesco what exactly? I never want to eat there again as I've been up all night being sick having been served cold and then frozen food?,"@customer Hi <name_redacted>, unfortunately as the issue lies with Bella Italia, you would need to speak to them. 1/3 @customer However, if you can DM over a few details, I'd be happy to look into what we can do from our end. 2/3 @customer Can you send us your full name, postcode &amp; address, email, Clubcard number and order number? Thanks - Josh 3/3 <media_or_link>",@Tesco Sent all details while food issue is with Bella Pasta I would recommend the they are not a great partner!
tesco-2871186,1,tesco-289641,289641,16.15622447671784,0.8900221697745072,positive_followup_proxy,"[""over_public_length_limit""]","Any idea why @Tesco Maple BBQ Hot Smoked Salmon Chunks are unsuitable for freezing? Other salmon freezes okay, why not this one?","@customer Hi <name_redacted>, we'll look into this and get back in touch when we have some more information. Kind regards @customer Hi <name_redacted>. I found this information for you! 1/3 @customer The Freeze/thaw cycle affects the texture of hot smoked salmon and Mackerel more than it does wet fish. 2/3 @customer This can be frozen but we wouldn’t recommend it as the quality is significantly diminished. I hope this is helpful for you! Thanks Calum 3/3",@Tesco Wouldn’t it be better to put ‘Can be safely frozen but quality is diminished on thawing’ on the pkt - it would save waste. Thanks for reply.
tesco-2871186,2,tesco-1236325,1236325,15.241913472318169,0.8470110916346896,positive_followup_proxy,"[""over_public_length_limit""]",@Tesco where’s the rest of my @customer cheese?! My nachos aren’t gonna be up to scratch now! 🙃 <media_or_link>,"@customer Hi <name_redacted>, sorry to hear you've got what looks to be half a block and if you're anything like myself you'll need a lot more cheese.1/2 @customer These are usually packed by weight, if you could weigh the item and send me across the barcode we'll be able to look into this further. 2/2",@Tesco It weighs 307g thanks @Tesco 👍🏿 <media_or_link> || @Tesco I do like cheese 🧀
tesco-2871186,3,tesco-1667856,1667856,10.969980976614488,0.6960505634374159,positive_followup_proxy,[],"@Tesco Good Mornin. I just wondered if this was genuine or not? See so many scams online, my first feeling is this is one also! <media_or_link>","@customer Hi <name_redacted>, I'm sorry to say that is this is not sent from ourselves at Tesco. TY",@Tesco Thanks. I thought as much. 👍🏻
tesco-2957901,1,tesco-1044390,1044390,16.49974505716792,0.7248075402255312,no_customer_followup,[],@tesco Bought jog pants from Handforth Dean (long way away - no nearby stores). They didn't remove security tags. Very annoyed.What do I do? <media_or_link>,"@customer Hi there, I'm very sorry the tags were not removed. Sadly only stores can remove them. 1/2 @customer If you can reply with your postcode I can see is there are any local stores closer to you. Thanks - Mark 2/2",
tesco-2957901,2,tesco-2594846,2594846,11.531917886491543,0.7075462465527054,positive_followup_proxy,[],"Clearly shouldn't online shop at Xmas. @Tesco maim you with partially removed security tags, while @customer don't even attempt to remove them <media_or_link>","@customer Oh no, I am really sorry to hear that. Please can you return to the store to report this to my colleagues? They will then be able to fill out the relevant forms with you.",@Tesco I can and do plan to do that. It doesnt change the fact that your negligence caused me an injury though. Also doesnt look great for the strapless dress i had planned to wear this weekend.
tesco-2957901,3,tesco-1103829,1103829,10.575959283403138,0.6638143731659025,positive_followup_proxy,[],"@Tesco there seems to be no slots to book a grocery home delivery , is this a error or just none left ?","@customer Hi <name_redacted>, please change the delivering address &amp; then change it back to the correct one. This has been working for a number of customers. :)",@Tesco Thank you i give that a try now
tesco-502703,1,tesco-720880,4930,14.279886561285222,0.85,positive_followup_proxy,"[""private_channel_request"", ""personal_data_request"", ""over_public_length_limit""]",@customer @Tesco Sorry should’ve said barm! Butter!... I couldn’t even find a knife sharp enough to cut the sausages... you can’t make this sh*t up!!,"@customer I'm sorry to see the sausages you purchased were not of the quality you would expect Rob. 1/3 @customer Did you bring this up with my colleagues in the store at the time? Can you advise what was said? Also can you DM some information? 2/3 @customer Your full name, address, price paid and clear copy of your receipt? TY - Jayne 3/3",@Tesco Could you DM me so I can provide you with the details. Thanks for your help
tesco-502703,2,tesco-1458226,1458228,13.122389839266482,0.7535325733869176,unclassified_followup,[],"@Tesco I know how to make it, I just couldn’t be bothered haha convenience is my middle name",@customer I'm sorry we were not able to help you on this occasion. Happy baking though :) Jayne,@Tesco Found some 🎉🎉🎉 <media_or_link>
tesco-502703,3,tesco-2207231,2207231,9.84069022702483,0.7450861406726819,positive_followup_proxy,[],"@Tesco literally went to collect my order, in my mums name (different surname) and I couldn’t pick it up due to not having the same name 🙄","@customer Hi there, I'm sorry you were unable to collect an order. Sadly my Tesco Direct colleagues have finished for the evening. One of my colleagues will be in touch later today to help resolve this for you. TY",@Tesco Thank you :)
tesco-2830203,1,tesco-2473856,2473856,20.51941461372043,0.9999999999999998,positive_followup_proxy,[],@Tesco Hi guys - when are the xmas delivery slots available? (London) Cheers!,"@customer Hi <name_redacted> thanks for getting in touch, if you follow my link it will take you to all the information you need on our Christmas slots :) <media_or_link> hope this helps",@Tesco Thanks!
tesco-2830203,2,tesco-2572829,2572829,16.25162676808025,0.8294500062840522,positive_followup_proxy,[],"@Tesco Hello, when can we book Xmas delivery slots please? Thanks","@customer Hi there, thank you for your query, we do not have the dates at the moment. However it is usually towards the end of November for Delivery Saver customers. TY",@Tesco Thank you!
tesco-2830203,3,tesco-35381,35381,15.53936403456807,0.8009864534744386,positive_followup_proxy,[],@Tesco have I missed when Xmas slots are open for delivery saver folks?,@customer Hi <name_redacted>. Good news! You haven't missed it! 23rd November is the cut off to sign up to a delivery saver plan to book a Xmas slot. 1/2 @customer 26th November is the date delivery saver customers can book slots up to and including 23rd December. Thanks,@Tesco many thanks! have been a saver customer for years now. Are you delivering Xmas Eve?
tesco-535394,1,tesco-2575741,2575741,19.972059596326574,0.853050691641765,positive_followup_proxy,"[""private_channel_request"", ""personal_data_request""]",@Tesco will you still be stocking Muller Light Layer Desserts? Haven't been able to get them for a few weeks.,"@customer Hi <name_redacted>, can you DM us your postcode? I will have a look into this for you to see if I can find the next delivery date.",@Tesco I have sent a DM thanks
tesco-535394,2,tesco-2323803,2323803,17.09375881247552,0.8416414300692456,positive_followup_proxy,[],@Tesco why have u stopped the season and shake southern style chicken nuggets packets? Can't find them in any supermarket 😖,"@customer Hi <name_redacted>, please bear with me while I contact my support team about this.","@Tesco Thanks, it's also @Morrisons @customer I have looked and can't find it anywhere :("
tesco-535394,3,tesco-1608718,1608718,21.18501289250124,0.74,no_customer_followup,"[""over_public_length_limit""]",@Tesco have you stopped selling quorn nuggets in your Cirencester store?? Haven't found them in weeks ☹️☹️,"@customer Hi <name_redacted>, I'm going to look into this and get back to you as soon as I can. Thanks @customer Hi <name_redacted>, I'm very sorry you have been unable to find the quorn nuggets in store. 1/2 @customer Next time your in store if you go to the customer service desk you can ask if these can be restocked again. Kind Regards - Stacey 2/2",
tesco-518960,1,tesco-1303783,1303784,16.33538994852928,0.9072717371273342,positive_followup_proxy,[],@Tesco @customer I have been buying the product for several years but it definitely looks as if it has been delisted as no longer on your website.,"@customer Hi there, Redruth Tolgus and Redruth Extra stores are both expecting a delivery today for Roddas Cornish Butter 250G. 1/2 @customer To save a wasted journey to the store, please get in touch tomorrow to ensure the delivery has been received. TY - Joanne 2/2",@Tesco Thanks very much for your help.
tesco-518960,2,tesco-1779862,1779864,18.41817724239261,0.7899999999999999,no_customer_followup,[],"@Tesco Thanks, but I've spoken to Customer Services multiple times and nothing has been sorted. Ruins my lunch break every day 😢","@customer Hi <name_redacted>, sorry your lunch is ruined daily. The duty manager I spoke to was unaware of the issue but is currently investigating it.",
tesco-518960,3,tesco-1746167,1746167,18.16670498692207,0.7788041445810815,no_customer_followup,[],I must say that I'm absolutely disgusted by the prices &amp; will be shopping elsewhere @Tesco,"@customer Hi <name_redacted>, I'm sorry to hear that you are disappointed with our prices. 1/2 @customer We always strive to give our customers the best possible value and pass on price reductions where possible. TY - Eve 2/2",
tesco-2611817,1,tesco-2534666,2534671,21.97338366585197,0.9497564159841398,positive_followup_proxy,[],"@Tesco Rainham,Essex . Cherry tree branch :)","@customer Hi <name_redacted>, that's great to hear. It's wonderful my colleagues in store are making you feel welcome and being the best they can. :) Can you let me know what department Rachel works on please so I can get the right colleague. :) TY",@Tesco She was working this morning on checkout at 6am .... many thanks || @Tesco Tried to find Rachel on here but no such luck.
tesco-2611817,2,tesco-1884759,1008617,23.407631598578142,0.7899999999999999,no_customer_followup,[],"@Tesco That makes no sense, it's for Tesco saving stamps not postage stamps??","@customer Hi <name_redacted>, sorry for the misunderstanding, we are working hard to have everything converted to the new £1 over the next few weeks. Lawrence",
tesco-2611817,3,tesco-924658,924658,13.326161556652762,0.6468328972299373,positive_followup_proxy,[],@customer @Tesco when are these machines going to take the new £1 coin? We need to save for Christmas <media_or_link>,"@customer Hi <name_redacted>, I have called the store and they are aware of this issue, they have made me aware the machine will be upgraded next week 1/2 @customer They don't have an exact date at the moment. Thanks for bringing this to our attention. - Adam 2/2",@Tesco Thank you
tesco-2888931,1,tesco-1043866,1043866,12.442526690813208,0.8308305463730528,positive_followup_proxy,[],@tesco outstanding customer service today at Tesco Northcott Extra. Staff member went out into the rain to find me a trolley &amp; brought it in,"@customer Hi <name_redacted>, that's great to hear! I called the store to pass your compliment on. TY, Liz",@Tesco Thank you :)
tesco-2888931,2,tesco-978629,978630,10.771533098317915,0.7434259781680634,positive_followup_proxy,[],"@Tesco Hi yeah, I went in this morning and weren't there. Could there have been out the back ready to put on the shelf?","@customer That's a possibility Nick. If you have any difficulty finding them, give this number to a colleague: <number_redacted>. 1/2 @customer They'll be able to locate some for you then. Kind regards - Lara. 2/2",@Tesco Thanks for the help and quick response
tesco-2888931,3,tesco-1462695,1462695,10.533097896078575,0.7309541614057513,positive_followup_proxy,[],"@Tesco Hi, <name_redacted> you doing a midnight release in the Bury Store for #CallOfDutyWWII <media_or_link>","@customer Hi <name_redacted>, the Bury Superstore in Woodfield Retail Park will indeed be doing a midnight release! Regards",@Tesco Ok brilliant! Thanks 😃
tesco-555532,1,tesco-1626775,1626776,8.381321470312724,0.7778533229584039,positive_followup_proxy,"[""over_public_length_limit""]",@Tesco @customer Thank you so much for replying. My local store is Saville Street in Sheffield,"@customer Good morning <name_redacted>, if you can please click the following link &amp; scroll to the bottom of the page: <media_or_link> 1/2 @customer You can then fill out the section &amp; the Community Champion of the store will get back in touch with yourself. I hope this helps. - Lara. 2/2","@Tesco Hi <name_redacted>, thank you so much for your help x"
tesco-555532,2,tesco-2643838,2643838,10.608394465389969,0.7399999999999999,no_customer_followup,"[""over_public_length_limit""]",@Tesco why is it £1.19 in Sheffield and £1.21 in Newcastle for fuel ? :(,"@customer Hi, our clear goal for our customers is to be competitive on petrol and diesel in the local catchment area for each store, so Tesco does not operate with one national price. This is the case with all other petrol retailers in the UK. 1/2 @customer I hope this clears things up for you and if there's ever anything else, please don't hesitate to get in touch :). - Peter 2/2",
tesco-555532,3,tesco-1915421,1915421,7.65598270678447,0.7217866120123095,positive_followup_proxy,"[""over_public_length_limit""]",@Tesco £25 delivery charge for one piece of furniture that won’t even arrive until December 😩 #disappointing,"@customer Hi, I’m afraid the Direct Team are closed at the moment, one of my colleagues will be in touch when they come in later. Kind regards @customer Morning <name_redacted>. I'm so sorry about that. It could be made to order. I can check if you want to send me the catalogue number?","@Tesco Thank you, it’s the Boston arm chair in dark grey 424-6192"
tesco-2883065,1,tesco-2400151,2400151,13.209911141193459,0.8465307220855868,positive_followup_proxy,"[""private_channel_request"", ""personal_data_request""]","@Tesco Hi, we ordered groceries online. They were never delivered, but the order status is given as 'delivered'. any ideas what happened?","@customer Sorry to see this Simon, can you DM me your full name, address and email address so I can look into this for you? Thanks","@Tesco Done, thanks."
tesco-2883065,2,tesco-1258336,1249094,9.329796888888877,0.7213795649124812,positive_followup_proxy,[],@Tesco Regrettably this “item” is a Christmas item that your staff say hasn’t even been delivered yet! So why is it available to order online?,"@customer Sorry Helen, can you please let us know what the items is, along with your full name, address and email address? Thanks","@Tesco Hi <name_redacted>, please follow me so I can DM you as not writing those details publically. Thanks"
tesco-2883065,3,tesco-1848899,1848899,9.795614674610231,0.6984095456468586,positive_followup_proxy,"[""over_public_length_limit""]",@Tesco having problems completing my online grocery order. Keeps coming up with this..... <media_or_link>,"@customer Hi <name_redacted>, I'm sorry you're having difficulties checking your order out. 1/3 @customer I appreciate this must be frustrating and I'd like to ensure this is sorted out for you as soon as possible 2/3 @customer Firstly can you please try clearing the cache and cookies on your device to see if this helps? Please let me know how you get on - Nye 3/3",@Tesco Hi we spoke to a lovely gentleman on the phone and it turns out it was a 9p off voucher causing the problems thank you for replying
tesco-2888917,1,tesco-2348099,2348105,24.729933753938745,0.8509304418214687,positive_followup_proxy,[],@Tesco Hi <name_redacted>. I've just DM'd details as requested. Can you keep me updated please as to why this keeps happening? Thanks,"@customer @customer Hi <name_redacted>, I have logged your complaint on our systems and this will be fed back to the store. Ty","@Tesco Hi <name_redacted>. That's great, but why is it never open was my question? I could understand if it was midnight, but this was Saturday aft"
tesco-2888917,2,tesco-2394840,2394841,28.722420448397457,0.7792477906883206,unclassified_followup,[],@Tesco Hi <name_redacted> have sent details and screenshot from just now. Thank you,"@customer Hello <name_redacted>, can you try clearing cache and cookies on your browser? If that doesn't work try a different browser instead. Let me know how you get on! TY",@Tesco I only have access to an iPad so no other browser options! 😢
tesco-2888917,3,tesco-2592574,2592574,26.025792616812193,0.7060874773419328,unclassified_followup,[],@Tesco might be helpful if you informed the shop of the price that you are advertising this at...£229 in store 😡 #false-advertising at its best <media_or_link>,"@customer Hi <name_redacted>, thanks for contacting us, Tesco Direct and online are separate parts of the business. 1/2 @customer Therefore prices can vary between the two. I hope this helps. - Ceri 2/2","@Tesco So you have to go to the Tesco direct counter in the Tesco store to get this price? || @Tesco I’ve tried online, Instore and Tesco direct none of them have or had any at the price advertised"
tesco-2898277,1,tesco-796038,796038,9.261709401558495,0.78861378788902,positive_followup_proxy,[],"Dear, @Tesco I know this vacuum is no longer available, but do you still sell replacement filters? My Son made a mess 🙃. <media_or_link>","@customer Hi <name_redacted>, I'm just looking into this for you. I'll be back in touch when I have an update! Regards @customer Hi, yes you can try two websites, <media_or_link> or <media_or_link> they will be able to supply your filters. TY",@Tesco Amazing. Thanks so much. 👌🏼
tesco-2898277,2,tesco-1978151,1978151,8.837946756491888,0.7607671153798978,positive_followup_proxy,[],@Tesco Very disappointed that your delicious Butternut Squash and sage risotto bake is currently unavailable. Any idea when it will be back?,"@customer Hi <name_redacted>, so I can look into this can you please provide me with your local store? Thanks",@Tesco Tesco Extra Carina Road Kettering. Thank you
tesco-2898277,3,tesco-730074,730074,8.753741011034748,0.7552337116114678,positive_followup_proxy,[],@Tesco seem to have discontinued their chicken fajita wrap and I am VERY UPSET,"@customer Hi <name_redacted>, which store are your referring to? I can look at future deliveries for you as the product hasn't been discontinued :)","@Tesco Farringdon, London. Thanks Tyler!"
tesco-77780,1,tesco-1617730,1617730,14.845925146714933,0.9330633944304609,positive_followup_proxy,[],"@Tesco hi <name_redacted>, are you stocking Halloween products? I have a few things to get for the family!","@customer Hi there, Yes, we have a full range of Halloween food and dress up products currently in store. Thank for you query. Brian",@Tesco that's great to hear! 😀I'm specifically looking for a witches outfit. My wife is really fussy! 🙄Do you have that sort of thing?
tesco-77780,2,tesco-2638804,2638804,13.921347068017031,0.8861639321551642,positive_followup_proxy,[],@Tesco can you still refund an item within 21 days if I have lost my receipt but have my credit card and clubcard details..?,"@customer Hi <name_redacted>, our colleagues in store at Customer Services can recover a receipt within 28 days if a Clubcard was used with a purchase. Kind regards",@Tesco That’s great thanks
tesco-77780,3,tesco-1672100,1672102,11.730338245259215,0.7750244427001611,positive_followup_proxy,[],"@Tesco Hi <name_redacted>, yes it is.","@customer Hi <name_redacted>, I've spoken with a Duty Manager who confirmed this bus stop is the property of TFL, please direct your feedback to them. TY","@Tesco Thank you Jo, however I am aware that your duty manager is not correct. It is the property of Tesco as they will not allow a TfL stop"
tesco-1773780,1,tesco-2084628,2084629,28.149331728285137,0.95,positive_followup_proxy,"[""over_public_length_limit""]",@Tesco Hi <name_redacted>. It’s the Heath Hayes store in Cannock. This isn’t the first time it’s happened either. Thanks for replying,"@customer Thank you for coming back Jalen, I will arrange for a colleague to chase this up with the store when they open. TY @customer Hi <name_redacted>, the pay@pump stations aren't available after midnight either, it should've been coned off not to allow entry. 1/2 @customer I'm really sorry for the inconvenience caused but I hope this helps to prevent any future inconvenience. Thanks, Leah. 2/2",@Tesco I see! I never knew this. Is this the same for all of your PFS ? Thanks for letting me know! 😀
tesco-1773780,2,tesco-1672100,1672102,18.125811540029588,0.7080113079163932,positive_followup_proxy,[],"@Tesco Hi <name_redacted>, yes it is.","@customer Hi <name_redacted>, I've spoken with a Duty Manager who confirmed this bus stop is the property of TFL, please direct your feedback to them. TY","@Tesco Thank you Jo, however I am aware that your duty manager is not correct. It is the property of Tesco as they will not allow a TfL stop"
tesco-1773780,3,tesco-1084538,1084539,23.74229302394524,0.6916214021547265,unclassified_followup,[],@Tesco Hi <name_redacted>. Would you like to come on a date with me?,@customer James isn't in at the moment I'm afraid Gareth. :P Hope you're having a lovely weekend. Kind regards,@Tesco Tell him that he is loved. If only by me. If nobody else has said it to him today. I love him and he's a good person.
tesco-547281,1,tesco-1574518,1574519,8.735968434222247,0.7899999999999999,no_customer_followup,[],@Tesco That should have been in the initial tweet!! 😂 <media_or_link>,"@customer Wow, they look really good! I hope they tasted as good as they look. :)",
tesco-547281,2,tesco-739364,739368,6.107371925462049,0.7532672933272497,positive_followup_proxy,[],@Tesco This should be done automatically,"@customer Hi there, I have logged the details of the complaint on our system, for review from our supplier, thanks for contacting us, Andy",@Tesco That's brilliant Andy. Thanks very much.
tesco-547281,3,tesco-1295743,1295743,6.099084021167634,0.7524893507817161,positive_followup_proxy,[],"Dear @Tesco, big knives should be kept out of the sight and reach of small children. Lisburn store. Cheers! <media_or_link>","@customer Hi <name_redacted>, I completely agree with you! Can you just confirm that this was in our Lisburn Superstore so I can deal with this? Thanks",@Tesco That's the one. Thanks!
tesco-2784862,1,tesco-1153010,1153010,19.945942353685922,0.7994012338392936,positive_followup_proxy,"[""private_channel_request"", ""personal_data_request""]","@Tesco We ordered shopping to be delivered between 1 and 5, told it would likely arrive between 3-4, now 5:18 and no sign or message.","@customer Hi <name_redacted>, sorry to hear your order has not arrive as of 1 hours ago, any sign of it yet? if not I will need a few more details. 1/2 @customer Can you DM me the full name on the account, address (including postcode) and email address. Thanks","@Tesco I Chris, I spoke with you team on the phone and got it reordered for tomorrow and got a courtesy voucher. Thank you though."
tesco-2784862,2,tesco-2585909,2585909,16.802080221429705,0.7360098353853719,positive_followup_proxy,"[""personal_data_request""]","@customer @Tesco #New, In date loaf, full of #mould, due to failed #Packaging. #disappointing and #UNACCEPTABLE @Tesco Order no: <number_redacted> <media_or_link>","@customer @customer Hi there, I am sorry your bread is mouldy and I can appreciate this must be very concerning. Can you please send your full name, address and email? I can get it refunded for you. TY","@Tesco @customer Thanks Chris. Already sorted, wife (furious) called support, obtained refund. Great to see @tesco supporting their customers for @customer error. Apparently, basic packaging and QC is beyond the #genius @customer"
tesco-2784862,3,tesco-4356,4356,18.137027186966584,0.6541580991819822,unclassified_followup,[],@Tesco food delivery due between 9-10pm. Still not arrived. Customer services did not answer call. Services now closed. What should I do? <media_or_link>,"@customer Sorry, did you receive your order or manage to speak with anybody?",@Tesco No. did not receive email nor phone call yesterday. It’s completely unacceptable. I’m going to work now so this is going to be problematic.
tesco-2943803,1,tesco-1958930,1958930,14.12551353554942,0.82,unclassified_followup,[],@Tesco trying to do an online shop this morning and it’s a nightmare —crashes everytime I put something in the basket. Have you got issues?!,"@customer Hey <name_redacted>, oh dear! Can you screenshot the error messages you're receiving? Ty","@Tesco Too late, it was yesterday morning!"
tesco-2943803,2,tesco-887978,887978,11.321731642806585,0.7872376943136956,positive_followup_proxy,"[""personal_data_request""]","@Tesco hi, <name_redacted> trying to put my college club card details into my account and it won't let me. I'd also like to merge my old and new card.","@customer Hi <name_redacted>, we can arrange a merge :) Can you confirm your full name, address and both card numbers? 1/2 @customer Can you also confirm what error you were getting when trying to update your account? Kind regards - Rhys 2/2","@Tesco Hey <name_redacted>, I think I've fixed it for some reason my old address was the main address so that was stopping my colleague card merging. || @Tesco Thanks for getting back so quickly though, just a quick question will my discount automatically come at checkout?"
tesco-2943803,3,tesco-2192848,2192848,9.677609068140793,0.7417947564103755,positive_followup_proxy,[],"Just got annoyed at the guy in @Tesco in Sutton. Tried to buy something on debit card, to be told my card wasn't working. Five minutes before, I'd got cash out. So problem was obviously theirs, not mine.","@customer Hi <name_redacted>, I'm sorry that you were unable to use your debit card. Did my colleague say why it wasn't working? TY","@Tesco He said it was a fault with my card. Though I'd just got cash out. Tried getting more cash out after, it worked. No big deal. Could've just admitted the problem was themselves, not me."
tesco-2964726,1,tesco-4985,4985,17.29156676442841,0.7899999999999999,no_customer_followup,[],Who doesn’t love @Tesco new entrance look and feel? What says ‘welcome’ more than a cage full of rubbish? <media_or_link>,"@customer Hey there, I see exactly what you mean, there is certainly nothing welcoming about that. 1/2 @customer Can you please let me know which store this was and the time of you visit so that I can contact the store regarding this? Thanks",
tesco-2964726,2,tesco-1454693,1454693,12.67856036058297,0.7812421914863825,positive_followup_proxy,[],"@Tesco why can't I find this online? Please help me, make my Christmas dreams come true! 🎅🏼 ❤️😂 <media_or_link>","@customer Hey, <name_redacted>! That's lovely! Where did you see it advertised? Can you give me some details please? Which magazine, page number, etc 1/2 @customer I'll be only too happy to query this for you :) - Dawn 2/2","@Tesco Tesco free magazine, featured on the 1st page and page 42 thanks"
tesco-2964726,3,tesco-1277295,1277295,12.71815803261457,0.7331199907343204,positive_followup_proxy,"[""over_public_length_limit""]",And while I’m complaining @Tesco please don’t put nuts in amongst the #freefrom goodies <media_or_link>,"@customer Hey <name_redacted>, I'm unsure about the price difference for these products. But I'd be more than happy to query it for you? 1/3 @customer It will take up to five working days to receive an answer, however. Is that alright? 2/3 @customer If so can you let me know what store you were in when you saw the nuts in the Free From section? TY - Kirsten 3/3",@Tesco I assume it’s because they know we’ll pay it unfortunately || @Tesco I’ll dm you. Thank you
tesco-2963388,1,tesco-2539163,2539163,27.67457599051612,0.82,unclassified_followup,[],@Tesco Are your @customer staff on strike??? 15 minutes waiting at click and collect ..... ridiculous,"@customer Hi <name_redacted>. I have just spoken to my colleague in the store. She has told me that click and collect doesn't actually open until 10am and there is a sign outside click and collect showing this. I'm sorry for the inconvenience! Thanks, Calum","@Tesco Hi <name_redacted>, it was actually one of your in store colleagues who sent me to click and collect. She has since informed me that she wasn’t aware click and collect wasn’t open until 10am.... || @Tesco Besides, the trolley full of stock in front of the click and collect counter, makes it near impossible to see the sign. Maybe better staff training is in order?"
tesco-2963388,2,tesco-1017521,1017521,25.77043080981606,0.7635800191226368,unclassified_followup,[],@Tesco if I do click n collect on my groceries can I then use any coupons I have?,"@customer Hi <name_redacted>, if the coupons can be used online, then you can use them. :)","@Tesco I have a coupon for Go Cat dry food, but my local stores don't seem to stock the kitten food :("
tesco-2963388,3,tesco-1067894,1067894,19.103694879397132,0.746044076211825,positive_followup_proxy,[],@Tesco when I try to scan and shop error code 200 appears and no member of staff can clear it - what can I do?,"@customer Hi <name_redacted>, thank you for bringing this to our attention. Can you confirm the store so that I can look into this for you? TY",@Tesco Thank you - it’s the Taplow store
tesco-541729,1,tesco-793539,793541,14.289324998425846,0.8153018548426307,positive_followup_proxy,[],@Tesco So I think there may be a problem with the contactless system there as we both used separate checkouts,"@customer Hi, <name_redacted> spoken to the store and they have confirmed that there has been no other customers who have had issues. 1/2","@Tesco Turns out it's an android pay issue not a Tesco issue, thank you anyway!"
tesco-541729,2,tesco-877411,877407,13.753774269007067,0.7914913269275923,positive_followup_proxy,[],@Tesco Well that answers my question. The self service machine I used was just having a funny 5 minutes then 😀,"@customer Hi <name_redacted>, sorry about the self-service till, did it finally work? Let me know which store, we can make them aware if you didn't. TY",@Tesco Made them aware. The lovely girls on self service changed my pound coins for new ones and it worked after that
tesco-541729,3,tesco-2396043,2396043,14.393062465396358,0.7699140114833609,positive_followup_proxy,"[""over_public_length_limit""]",I understand the need for a security check @Tesco when you use scan &amp; shop but to check ALL items with over 50 bagged up in the trolley &amp; no space to do it is ridiculous. Had to go to queue at a till to rescan everything &amp; only one was open. So much for saving time!! 😡😡,"@customer Hi <name_redacted>, thanks for taking the time to get in touch with us. I'm really sorry for the Scan as You Shop check and I can understand this must have been a really frustrating and inconvenient experience. 1/2 @customer While it is inconvenient, it's a random selection chosen by our machines to check and can't be overruled by my colleagues. I'm really sorry for any stress this has caused. All the best - Robyn 2/2",@Tesco I have no issue with the staff &amp; I appreciate the need to check &amp; checking 5-10 items is fine. However there is not enough room at these tills to unload every item of shopping if the machine decides to check every item. Thank you for the reply though 😀
tesco-2946158,1,tesco-2514297,2514298,25.592406658027482,0.8637859074233023,positive_followup_proxy,[],"@Tesco Hi <name_redacted>, thanks for the info. Could you possibly contact the store to double check? If they will be selling at midnight I'll pop up, cheers","@customer Hi <name_redacted>, I've called the Store Manager for you to check, and the store are definitely selling this at midnight. They may not have the game on display. If not, just ask my colleagues and they will go and get it for you. Thanks","@Tesco Thanks for the update Josh, much appreciated. || @Tesco Went along at midnight to be told they don't infact have copies in store ¯\_(ツ)_/¯ bit of a wasted journey!"
tesco-2946158,2,tesco-1887839,1881181,21.70375752038385,0.7598877662767971,positive_followup_proxy,[],"@Tesco @customer Hi, I have DM’ed you the details. Still missing my order and not received any confirmation that it has been delivered to store","@customer @customer Hi <name_redacted>, I have private mailed you. TY",@Tesco @customer Thank you. I have sent a response to your DM
tesco-2946158,3,tesco-2207231,2207231,20.979426809401875,0.7405348723070533,positive_followup_proxy,[],"@Tesco literally went to collect my order, in my mums name (different surname) and I couldn’t pick it up due to not having the same name 🙄","@customer Hi there, I'm sorry you were unable to collect an order. Sadly my Tesco Direct colleagues have finished for the evening. One of my colleagues will be in touch later today to help resolve this for you. TY",@Tesco Thank you :)
tesco-2818165,1,tesco-837250,837250,12.67038238417091,0.8191714263833827,positive_followup_proxy,[],"@Tesco Hello, is this item stocked at Jermyn Street branch please? <media_or_link> A colleague recommended it! #baxterssoup","@customer Hi <name_redacted>, I'd love to check this out for you. Which town or city is the Jermyn Street you are referring to in? TY Kathy","@Tesco Thank you, it's Jermyn Street, London <media_or_link>"
tesco-2818165,2,tesco-1838036,1838033,11.379319505430393,0.75404233424279,positive_followup_proxy,[],@Tesco You’re thinking of baby changing. A changing place is an adult changing facility with full size changing bed and hoist. See @customer,"@customer Ahh my mistake, I'm going to feed this back on a corporate level rather than to the individual store as this is an amazing idea!",@Tesco Thanks Adam 😀 it’s so important. Maintains people’s dignity and protects parents/Carers from back injuries. Means everyone can go shopping 🛒
tesco-2818165,3,tesco-1807467,1807467,12.955487063587142,0.7335538466676127,positive_followup_proxy,"[""private_channel_request"", ""personal_data_request""]",@Tesco I am having trouble finding these in your stores? What is going on? Needed for #Autistic child who lives on them. <media_or_link>,@customer Sorry you're having trouble finding these! Can you DM us your postcode or local store? I'll look into this for you. TY - Paige <media_or_link>,@Tesco Done many thanks.
tesco-2938775,1,tesco-32470,32479,22.971056702297382,0.8789921813955877,positive_followup_proxy,[],"@Tesco Hi <name_redacted>, ok thanks for the update - will you let me know when it has been resolved so I can finish my shopping? Thanks","@customer Hi there, I'm afraid we will be unable to notify you to when the fixes have been implemented.","@Tesco Ok, if I ask now can you let me know if it has been fixed?"
tesco-2938775,2,tesco-1813668,1813668,22.37397717301433,0.8608234951201117,positive_followup_proxy,[],@Tesco good god Tesco how long does it take to fix a travelator in your Burnley store been out now for nearly 5 months #appallingservice,"@customer Hi, <name_redacted> been in touch with the duty manager of the store and she informed me the the travelator should be fixed before Christmas",@Tesco Ok thank you
tesco-2938775,3,tesco-2672723,2672723,20.538383543813836,0.8049677453538253,positive_followup_proxy,[],@Tesco - so delivery driver ran out of time to bring my order apparently and no one rang to let me know !!! One very unhappy customer !!!,"@customer Hi <name_redacted>, I'm sorry, can you message me with your account name, address, tel number and email? Ty Andrew",@Tesco Just done this - thanks
tesco-2893982,1,tesco-1180699,1180699,12.571362102722318,0.85,positive_followup_proxy,"[""private_channel_request"", ""personal_data_request"", ""over_public_length_limit""]",Just taken delivery of my @Tesco order. Gent of a driver.'ripe &amp; ready' bananas greener than the Incredible Hulk? <media_or_link>,"@customer Hi there, thank you for getting in touch, I'm sorry to see that your bananas weren't quite 'ripe and ready'. 1/4 @customer Please can you DM the full name, address and email address registered to your grocery account? 2/4 @customer Also, the weight on the packaging and your permission to pass these details to our suppliers? 3/4 @customer I will ensure this issue is logged for review by our suppliers and also refund you for your purchase. TY- Hannah. 4/4",@Tesco Update: panick over.. gone ripe now. Go easy on the supplier; you guys problem nail them to the cross on margins.. have a great weekend. <media_or_link>
tesco-2893982,2,tesco-1296872,1296872,10.19270797980312,0.8448460584576301,positive_followup_proxy,[],Just bought @customer from @Tesco stalybridge...something missing? 😆 <media_or_link>,"@customer Hi <name_redacted>, I'm very sorry to see this!! Are you able to return the item to store along with the receipt? 1/2 @customer Then we can investigate this fully and offer you a replacement! TY - Martin 2/2","@Tesco Yes, thank you 😊"
tesco-2893982,3,tesco-1843701,1843701,10.793012653201648,0.834002502140069,positive_followup_proxy,"[""over_public_length_limit""]",@Tesco so your Talbot Green store says 9am but still at 9.10am it's still not open? 5 of us waiting good customer service! <media_or_link>,"@customer I've spoken with the store and they have advised they're short staffed today, this is why they opened later. 2/3 @customer Hi <name_redacted>, I'm really sorry that the Max Centre wasn't opened at 9am. 1/3 @customer They've advised that everything should be back to normal as of tomorrow. I'm sorry for any inconvenience. Thanks, Jessica 3/3","@Tesco Many thanks for this, would have been helpful if a sign was out there was loads of staff around but no one seemed to notice to let us know."
tesco-2975092,1,tesco-2015286,2015286,24.42361056780794,0.7831208335286228,no_customer_followup,[],Just spent an hour on my @Tesco order only for the website to go down!,"@customer Hi <name_redacted>, I'm sorry for the late reply. We're having a few issues on our website. Have you tried again recently? Thanks",
tesco-2975092,2,tesco-2533618,2533618,17.731128289867005,0.7703119759640682,positive_followup_proxy,[],Spent an hour loading up my cart and now @Tesco isn't working. I'm 30 seconds from paying for stuff. ARGH!,"@customer Hi <name_redacted>, I'm sorry to hear this and the late reply. Did you manage to checkout in the end? 1/2 @customer If not, can you please clear your browser cache and cookies? Thanks - Luciano 2/2","@Tesco I managed it through a pop up that came up, with about 2 minutes to spare. Thanks though."
tesco-2975092,3,tesco-1627338,1627342,20.605448352459707,0.766005015231734,positive_followup_proxy,"[""private_channel_request"", ""personal_data_request""]","@customer @Tesco I've had to book it for another day which isn't ideal, I could check out but website &amp; app very slow","@customer Can you DM me with your name, home address and postcode and I'll get back to you? TY - Eilish 2/2 @customer Hello <name_redacted>! We are currently experiencing issues with the website and app but I can double check the slot for Friday for you. 1/2","@Tesco Thanks, have sent DM."
tesco-95893,1,tesco-2394840,2394841,22.481557099536396,0.8199999999999998,unclassified_followup,[],@Tesco Hi <name_redacted> have sent details and screenshot from just now. Thank you,"@customer Hello <name_redacted>, can you try clearing cache and cookies on your browser? If that doesn't work try a different browser instead. Let me know how you get on! TY",@Tesco I only have access to an iPad so no other browser options! 😢
tesco-95893,2,tesco-1394654,1394650,14.964460046354555,0.7258188320178134,positive_followup_proxy,[],@Tesco I just tried again and got the same message. I'll have to go elsewhere now.,"@customer Hey <name_redacted>, I'm sorry you're still experiencing these issues, we're experiencing some technical issues with the website. 1/2 @customer Our IT Team are working hard to get this resolved as soon as possible. Ty - James 2/2",@Tesco Fixed?
tesco-95893,3,tesco-2394863,2394863,14.494275768068697,0.7086691698975522,positive_followup_proxy,[],@Tesco hello! <name_redacted> do your priority Christmas delivery slots become available? 🎄,"@customer Hi <name_redacted>, all Delivery Saver customers get access to Priority Slots on the 26th November. On this link is a handy calendar of our home shopping times over Christmas <media_or_link> Have a nice day :-)",@Tesco Thanks David! Just wanted to make sure it wasn't something I should be seeing now. Have a nice day too!
tesco-2933230,1,tesco-1925044,1925044,15.176679316789652,0.7735682720115065,positive_followup_proxy,[],@Tesco Do you stock this is Hammersmith Tesco? <media_or_link>,"@customer Hi <name_redacted>, I have looked into this for you. Our Hammersmith Superstore, 180 Shepherds Bush Rd W6 7NL. Have 13 at £2.25 Thank you",@Tesco Thank you!
tesco-2933230,2,tesco-788980,788980,12.275738288846897,0.6601108735107453,positive_followup_proxy,[],@Tesco Are you guys going to be selling the Google Home Mini?,"@customer Hi there, we'll look into this &amp; will be back in touch with our findings ASAP. TY","@Tesco Great, thanks :)"
tesco-2933230,3,tesco-2421144,2421144,20.96620999905175,0.59,private_handoff_without_outcome,"[""private_channel_request"", ""personal_data_request"", ""over_public_length_limit""]",@Tesco brought easy peel jaffa oranges &amp; seeds in every orange.,"@customer Hi <name_redacted>, I'm sorry to hear this. There's nothing worse than finding rogue seeds in your orange. I would like to log this feedback internally to be reviewed by relevant departments. 1/2 @customer Could you DM me your name, address as well as the product barcode? Thanks - Peter 2/2",
tesco-2941541,1,tesco-1177974,1177974,25.251499306277704,0.95,positive_followup_proxy,"[""personal_data_request""]","Booked food for 9-10 last night @tesco, got a txt to say it would be l8, waited up til 11, no show, no info. Can’t deliver today. #forgetit","@customer Can you please confirm your full name, full address and email address so I can help? Thanks - Aneurin 2/2",@Tesco My husband wrote to the Chief Customer Officer and we got an apology. Thanks for the offer. #nowshopatsainsburys
tesco-2941541,2,tesco-2207231,2207231,15.97029018598177,0.6986083326644046,positive_followup_proxy,[],"@Tesco literally went to collect my order, in my mums name (different surname) and I couldn’t pick it up due to not having the same name 🙄","@customer Hi there, I'm sorry you were unable to collect an order. Sadly my Tesco Direct colleagues have finished for the evening. One of my colleagues will be in touch later today to help resolve this for you. TY",@Tesco Thank you :)
tesco-2941541,3,tesco-1459937,1459931,14.962791108870235,0.6158914934299884,positive_followup_proxy,"[""over_public_length_limit""]","@Tesco Yes the website may be up to date but there never has been a TWO night break for £99, only 1 night breaks.","@customer Hi <name_redacted>. I'm sorry, we are still waiting to hear back about this. We'll let you know as soon as there's an update. @customer Thanks for your patience, Ryan! We have had confirmation the price in the catalogue is an error and the price online is indeed correct 1/3 @customer We do advise in the book that prices can change and that we'd always recommend you refer to our website for the most up to date prices. 2/3 @customer Sorry for any disappointment but if there's anything else I can help with, please let me know :) - Dawn 3/3",@Tesco Thanks for your response... I would also recommend removing the tv advertisement also as it gives the incorrect price.
tesco-1986657,1,tesco-1287741,1287739,42.28778656933435,0.7399999999999999,no_customer_followup,"[""over_public_length_limit""]","@Tesco Not with me, it is just Ben and Jerry's One Love ice-cream","@customer Hi <name_redacted>, thanks for getting in touch we are currently looking into this and will get back to you as soon as we can. Thanks @customer Hi <name_redacted>, I can let you know the store are no longer running this promotion on Ben &amp; Jerry's. 1/2 @customer They are instead running this promotion on Chicago town pizza and Häagen-DazsIce cream. Ty - Darren 2/2",
tesco-1986657,2,tesco-1069033,1069028,24.893517790497317,0.6627087498358303,positive_followup_proxy,[],"@Tesco Hi <name_redacted>, thanks, not keen to dm these details thanks, let me know an appropriate email address I can forward my feedback too? Thanks","@customer Hi <name_redacted>, you can email us at __email__ - Dani :)",@Tesco Thanks will do!
tesco-1986657,3,tesco-774484,774493,23.65295886222133,0.6386531440992087,positive_followup_proxy,[],"@Tesco Hi <name_redacted>, here's the barcode, the problem is it's being advertised in all the magazines at one price and sold at a much higher price. <media_or_link>","@customer Hi <name_redacted>, I am very sorry that this item was incomplete &amp; you were overcharged. 1/2 @customer Please return to the store and they can arrange for a replacement - Allyn 2/2",@Tesco Thanks but they're all the same&amp;I don't want to go back on a 30 minute roundtrip (I usually shop online). Can you arrange a digital voucher?
tesco-603618,1,tesco-1946858,1946863,17.579863236809558,0.8888502151450793,positive_followup_proxy,"[""private_channel_request"", ""personal_data_request""]","@customer @Tesco Thanks, in that case is it a printing error? It definitely looks like a 6 rather than a 7 or 8....","@customer @customer HI Kirsty, wold you be able to DM us your full name and address and the products bar code please so I can still get this logged. James.","@Tesco @customer Thanks, James. Messaging now."
tesco-603618,2,tesco-2539172,2539172,17.822196970792923,0.7399999999999999,no_customer_followup,"[""over_public_length_limit""]",@Tesco it looks like it's snowing in my freshly opened bottle of water? <media_or_link>,"@customer Hi <name_redacted>, I am very sorry about this. Please return the bottle to your local Super/Extra/Metro Store, they can do a product report. 1/2 @customer Please let our colleagues on the customer service desk know if you would like a response from head office - Allyn 2/2",
tesco-603618,3,tesco-1637914,1637914,10.140962040408992,0.6465860716702316,positive_followup_proxy,[],@Tesco Help!! I can’t checkout on app or online...anyone else having problems??,"@customer I'm sorry, we're aware of the issue and it has been escalated to IT who are looking to find a resolution as quickly as possible.",@Tesco It took 7 hours! But luckily I didn’t lose my slot 😏 Thanks for the reply
tesco-564560,1,tesco-2643992,2643992,20.05538567661211,0.7899999999999998,no_customer_followup,[],@Tesco you may want to get the Driver of YM66 PNK to get an eye test. Pulled out onto a roundabout didnt look footage to follow,"@customer Hi <name_redacted>, please can you send the footage? We will then be able to investigate.",
tesco-564560,2,tesco-2351129,2351129,10.845080008796824,0.623420323628284,positive_followup_proxy,[],@Tesco Just searched for petrol stations on your website so I can get my points. Filtered it so I knew I was heading to an esso or tesco fill. Drove here &amp; it's just an express store. Now I'm hoping not to run out of petrol to find another one. #LondonColneyExpress Thanks. 😳😞,"@customer Hi <name_redacted>, sorry to learn you drove to the store and it didn't have a Fuel Station. I can understand your frustration. I'd like to look into this, can you provide the web link you used? Ty",@Tesco Hi. <media_or_link> This is the link but it's not doing the same search and giving those bad results because I'm now not in the location I was. I clicked find current location and I promise you it gave me the express store under the petrol filter. I was in al21ab Thanks.
tesco-564560,3,tesco-1258995,1258996,9.396694776236563,0.564200525522659,positive_followup_proxy,[],@Tesco I bought it on 31st August however my baby has just grown into it. His dad bought it as his coming home gift so is rather upset it’s faded.,"@customer Hi <name_redacted>, we'd require proof of purchase. Did you pay by card when you bought Tigger? If so, your bank statement can be used in store. Ian","@Tesco Ok yes paid by card, does it have to be a print out or can it just be on the phone? Thanks || @Tesco also other items were purchased at the same time will this matter?"
tesco-83748,1,tesco-2420451,2420451,16.90907655919291,0.9411502692367255,positive_followup_proxy,[],@Tesco Stevenage have now been waiting 25 mins for someone to sell me fireworks.,"@customer I'm really sorry for the wait, Jane; I do hope you've since been served my by colleagues?",@Tesco After 25 minutes i asked for a manager who sorted it. It was really bad.
tesco-83748,2,tesco-1024097,1024097,14.76697630291343,0.7947251225948315,positive_followup_proxy,"[""over_public_length_limit""]",@Tesco why don't your self service machines give out 10p pieces?,"@customer Hi <name_redacted>, our self-service machines will give the least amount of change possible based on what you spend in store 1/2 @customer Have you noticed the lack of 10p pieces when shopping in a particular store? If so let us know which &amp; we'll investigate. TY. Mike 2/2","@Tesco It's the Hanley store, I haven't received a 10p in months, the amount of 1p 2p and 5ps I've got is a lot, great for my change collection"
tesco-83748,3,tesco-265180,265182,16.896149606829667,0.7605683715064,unclassified_followup,[],"@Tesco We just popped in there tonight, with bags, but the self serve had no bags, 5p or 10p, at all. People were leaving with armfuls of shopping.","@customer Hi <name_redacted>, although we longer provide 5p carrier bags the 10p bags for life should be available at the self service tills. 1/2","@Tesco You might want to communicate this to the customers. I saw a couple with an armful of shopping say ""It looks like this is closing down."""
tesco-2846456,1,tesco-895056,895056,19.179140706734678,1.0,positive_followup_proxy,[],@Tesco how do I make a complaint please?,@customer Hi <name_redacted>. I'm sorry you have something to complain about. 1/2 @customer Could you please specify what the complaint is and I can see if I can resolve it for you. Thanks Calum,@Tesco wanted to discuss the behaviour of a Tesco employee at a local store. Thanks
tesco-2846456,2,tesco-1006846,1006846,18.159889828742486,0.9064221498380207,positive_followup_proxy,"[""private_channel_request""]",@Tesco - how do I make a formal complaint,"@customer Hi <name_redacted>, If you could DM us and let us know what has happened we will be able to look into it for you. Thanks",@Tesco Thanks
tesco-2846456,3,tesco-2024358,2024358,18.061125336694168,0.9021994954074612,positive_followup_proxy,"[""private_channel_request""]",@Tesco Please can you tell me how I can contact the store manager of a Tesco Metro store to make a complaint?,"@customer Hi <name_redacted>, if you could DM some details about yourself and store in question. I could organize for a manager to give you a call. Lawrence",@Tesco Thanks will do!
tesco-100237,1,tesco-2455618,2455618,15.400968538407385,0.8395281634503737,positive_followup_proxy,"[""over_public_length_limit""]",@Tesco any chance you have a link to the Merry Christmas everyone cover in the new Christmas advert? :),"@customer Hi there, I'm not certain of the artist covering Shaking Steven's Merry Christmas Everyone. I've passed your question to my support team to find out for you. :) TY @customer Hi there, the singer is an independent artists who at this moment would prefer to remain anonymous while she works on her own material. If you have any other queries please don't hesitate to get in touch :) Thanks, Lawrence","@Tesco Boo, well thanks for getting back to me."
tesco-100237,2,tesco-1722036,1706999,13.292122112715433,0.792372849634323,positive_followup_proxy,[],@Tesco It was part payment with a bank card. If I cancelled it what would happen?,"@customer Hi <name_redacted>, in that case the whole refund would go back to your payment card. Hope this helps. Kind regards","@Tesco alright, thank you :)"
tesco-100237,3,tesco-2265915,2265915,15.966978090254699,0.7056044272136607,no_customer_followup,[],Hey @Tesco who sings the cover of Merry Christmas Everyone in your Christmas ad?,"@customer Hi <name_redacted>, sadly I'm unsure who's singing the cover. I'll pass this to my support team and see if we can find out for you. :) Cheers, Paul",
tesco-2832260,1,tesco-29588,29588,15.244190634144681,0.8598444461753358,positive_followup_proxy,[],@Tesco is your website broken? It says that all slots are booked for weeks and earlier it wouldn't let me enter a payment for food delivery,"@customer Hi <name_redacted>, we're experiencing technical issues with the website, our IT Team are working hard to resolve this. Sorry for any inconvenience. TY",@Tesco Please get it fixed soon! Been a couple of days now
tesco-2832260,2,tesco-1958427,1958427,14.944198055922033,0.8464656914028998,positive_followup_proxy,[],Hi @Tesco when will Christmas delivery slots be available? Thnx,"@customer Hi <name_redacted>, our website from today has the Christmas slot table, showing when the available days are ready for customers. :)",@Tesco Do you know if the North Shields store will delivery on 24th dec? Thanks
tesco-2832260,3,tesco-2394863,2394863,13.689274135737419,0.7904999088969293,positive_followup_proxy,[],@Tesco hello! <name_redacted> do your priority Christmas delivery slots become available? 🎄,"@customer Hi <name_redacted>, all Delivery Saver customers get access to Priority Slots on the 26th November. On this link is a handy calendar of our home shopping times over Christmas <media_or_link> Have a nice day :-)",@Tesco Thanks David! Just wanted to make sure it wasn't something I should be seeing now. Have a nice day too!
tesco-2943844,1,tesco-2269491,2269491,16.761156576474676,0.7899999999999999,no_customer_followup,[],Christmas tree and decoration shopping today 🎉🎄🤷🏼‍♀️,@customer #Exciting 🙌 Are you going with a particular colour scheme this year?,
tesco-2943844,2,tesco-2266260,2266260,15.936733703436865,0.7496670580095975,no_customer_followup,[],Is it to early to put my Christmas tree up 😅🙈🎄 #christmas #excited,@customer Well that depends on how excited you are for Christmas 🎄🎄 😊 When would you normally put up your Christmas decs?,
tesco-2943844,3,tesco-982944,982944,10.883206302470011,0.7124351650381406,positive_followup_proxy,[],Oooooh 😋 @Tesco can't wait to pick up one of these this year 👌🏻 first milk free advent calendar! <media_or_link>,"@customer Hi <name_redacted>, I hope you enjoy it :)",@Tesco Thank you! 😊
tesco-2963385,1,tesco-1016039,1016039,15.32276357427509,0.7555706645916807,no_customer_followup,[],Disappointed that I went in to @Tesco to get Christmas wrapping paper and they didn't have any 😩 #startingearly,@customer Hi Lizzie; sorry for the disappointment! Our Christmas range will be out in full once Halloween has passed :),
tesco-2963385,2,tesco-1562398,1562400,11.12051178126875,0.7501287361293896,positive_followup_proxy,[],"@Tesco Nothing specific, just to look at wrapping paper etc and Christmas tree decorations. I am an organised Christmas shopper ha ha. Grimsby x","@customer Thanks Emma, I've spoken to James our Duty Manager in Grimsby who's confirmed all Christmas stock is now on sale. I hope this helps, Leah.","@Tesco Yay✨.. what fast and great service from you this morning <name_redacted>, much appreciated !"
tesco-2963385,3,tesco-2590156,2590156,10.060531723887676,0.6957854556829854,positive_followup_proxy,[],@Tesco out of curiosity would the Tesco Extra (Pitsea) stock the movie Paper Towns on Blu-ray?,"@customer Hey, they have it on DVD but unfortunately don't stock it on Blu-ray.",@Tesco Many thanks for the info and quick reply
tesco-524365,1,tesco-1693985,1693987,21.170551951303793,0.7899999999999998,no_customer_followup,[],@Tesco After losing my slot I finally rebooked and got it authorised at 21.30pm x,"@customer That's great, thanks for letting us know :) We're here if anything else pops up. Charlotte",
tesco-524365,2,tesco-877411,877407,13.9439335079172,0.7200910426328273,positive_followup_proxy,[],@Tesco Well that answers my question. The self service machine I used was just having a funny 5 minutes then 😀,"@customer Hi <name_redacted>, sorry about the self-service till, did it finally work? Let me know which store, we can make them aware if you didn't. TY",@Tesco Made them aware. The lovely girls on self service changed my pound coins for new ones and it worked after that
tesco-524365,3,tesco-1872245,1872245,17.45747745882252,0.646181308317418,no_customer_followup,[],"@Tesco Very disappointed with customer service in one of your 24 hour stores, waited 20 mins to be told I couldn’t buy a laptop til tomorrow","@customer Hello there, I am sorry, the electrics department closes after a certain time in our stores. Can you please confirm which one it was? Chris",
tesco-2837814,1,tesco-62362,62362,18.19562858159171,0.8583365006334318,positive_followup_proxy,"[""over_public_length_limit""]",@Tesco are your own branded products still not tested on animals?? your “research into alternatives” statement has also gone from packaging😞,"@customer Hi <name_redacted>, ​we do not support testing on animals for cosmetic or household products. 1/3 @customer We also do not carry out or commission such tests on our own-brand products or the ingredients they contain. 2/3 @customer Hope this clears things up :). - Peter 3/3",@Tesco That’s great news. Panic over Thanks Peter. Have a good evening 😀
tesco-2837814,2,tesco-1211500,1211500,20.092789344849358,0.7742762476586074,no_customer_followup,[],@Tesco Can somebody tell me please why in this day and age Tesco doesn't use recyclable plastic on its products?,"@customer Hi <name_redacted>, you can read all about our recycling here: <media_or_link>",
tesco-2837814,3,tesco-758222,758222,14.442276916463818,0.7080969524272454,positive_followup_proxy,"[""over_public_length_limit""]",Current @Tesco TV ad features a carrot farmer. Carrots are then packaged in plastic. Why? #environnement #banplastic,"@customer Hi <name_redacted>, we do take our responsibilities to reduce packaging and our responsibilities to protect food seriously. 1/3 @customer We have a duty of care to the environment to ensure we protect the product with the right packaging formats. 2/3 @customer This is so we do not waste food in our distribution chain, in store or in customers’ homes. Thanks, Jessica 3/3",@Tesco Thanks for replying. I don't think carrots would come to much harm without the plastic. Our oceans and sea creatures are suffering.
tesco-70745,1,tesco-1935410,1935410,14.396059240740263,0.8260696830458117,positive_followup_proxy,"[""private_channel_request"", ""personal_data_request"", ""over_public_length_limit""]",@Tesco ... another photo to show how gross it was straight out of the packet! Ick! <media_or_link>,"@customer Hi <name_redacted> I'm sorry your Pears did not reach you in great condition &amp; I understand how disappointing this must have been. 1/4 @customer I'd like to report this and send you a refund. Could you please DM some details? 2/4 @customer I need your full name, address, email, the store you visited, the price paid and a picture of the barcode, SC code and dated area. 3/4 @customer Would it be okay to pass your details on to our supplier? Thanks, I look forward to your reply - Mike 4/4","@Tesco Thanks for your reply, but I only took two photos before I tossed them. It was a home delivery so I have the receipt if that helps?"
tesco-70745,2,tesco-1531440,1531444,14.323457801268372,0.8220549868055033,positive_followup_proxy,"[""private_channel_request"", ""personal_data_request"", ""over_public_length_limit""]",@customer @Tesco @customer Neither do I! That’s what came in the packet. 😡,"@customer @customer Hi <name_redacted>, I'm sorry you only had 4 dough balls in the pack. I'd like to log this and issue out a refund for you. 1/3 @customer @customer Can you DM me your full name, address, email, barcode, date code, store and the price you paid? 2/3 @customer @customer Would you prefer your refund through email or by post? Also do I have your permission to pass these details to our supplier? - Reece 3/3","@Tesco @customer Ok thanks. You have my permission to pass on to supplier. || @Tesco @customer @customer Reece, I think you have disregarded @customer’s time and ruined meal... consequential damages caused by @Tesco poor quality control"
tesco-70745,3,tesco-1752568,1752568,12.999970937492156,0.7488691412527136,positive_followup_proxy,"[""private_channel_request"", ""personal_data_request"", ""over_public_length_limit""]",“Fresh out of @Tesco when I opened the packet”! <media_or_link>,"@customer Hi there, I'm really sorry that the onions you purchased from us weren't up to our usual high standards. 1/5 @customer I would like to log this and refund you via Moneycard (either by post or email, your choice) 2/5 @customer Could you DM me your name, address/email address as well as a picture of the barcode and supplier code on the product? 3/5 @customer Can you also take a picture of the bottom of your receipt for me? (showing all the numbers) 4/5 @customer Lastly, would it be okay to pass your details on to our supplier in case they wish to contact you? Thanks - Peter 5/5","@Tesco Yes that’s fine, I’ve DM’d you || @Tesco Done || @Tesco Done || @Tesco Ok thanks, done via DM || @Tesco Thanks, everything else I bought was fine"
tesco-2939802,1,tesco-2544286,2544288,17.303815964892316,0.7899999999999999,no_customer_followup,[],@Tesco Thank you for the update popular product!,@customer No problem Tim. That's what we're here for. Let us know if you need anything else. Thanks,
tesco-2939802,2,tesco-763971,763971,16.77039192022626,0.7647218927019553,no_customer_followup,[],@Tesco why do you discontinue all the good stuff????? <media_or_link>,@customer We do have these that are suitable for freezing Terri! <media_or_link>,
tesco-2939802,3,tesco-2220516,2220516,11.421025097594105,0.721224005099701,positive_followup_proxy,[],"@Tesco my online job application suddenly says withdrawn, why would this be?","@customer Hi <name_redacted>, can you please contact our resource team @ __email__ TY",@Tesco thanks will do
tesco-2833771,1,tesco-807942,807955,14.638930690402045,0.95,positive_followup_proxy,"[""over_public_length_limit""]",@sainsburys @Tesco . .start stocking the veganaise product everyone is going yampy over.. but stock it in all it stores @Tesco,"@customer Hi <name_redacted>, I'm not a vegan myself so I'm afraid I've not heard of the veganaise product that everyone's loving. 1/3 @customer Are you able to give me a bit more info about it and also let me know which store you use most? 2/3 @customer I can have a look into this further for you. :) Kind regards - Calum. 3/3",@Tesco <media_or_link> || @Tesco I anticipated u asking. Sent u the link Callum. Redditch.. Quinton.. Spring Hill Bham as all good for home &amp; work thank u in advnce
tesco-2833771,2,tesco-974572,974572,13.692512514538672,0.946986366653352,positive_followup_proxy,[],Where have all the Welsh signs gone over the aisles? 😲 @Tesco #BroughtonStore Bring them back. #dysguCymraeg <media_or_link>,"@customer I'm not sure, I'll check with my support team and get back to you :) @customer Sorry about the long wait. My support team are still investigating this and we'll be back in touch as soon as we can :)",@Tesco Thank you.
tesco-2833771,3,tesco-843340,843340,13.457847488587841,0.9338416004577006,positive_followup_proxy,[],@Tesco @sainsburys why don't you have gluten free sections in all your stores? 😩😭,"@customer Hi <name_redacted>, l'm sorry you've been unable to locate a gluten free section. Can you let me know which store you visited? TY",@Tesco I visited two stores near Tower Hill. It would be great to have a gluten free sections there
tesco-2489376,1,tesco-887978,887978,22.52275870842282,0.9207548094072671,positive_followup_proxy,"[""personal_data_request""]","@Tesco hi, <name_redacted> trying to put my college club card details into my account and it won't let me. I'd also like to merge my old and new card.","@customer Hi <name_redacted>, we can arrange a merge :) Can you confirm your full name, address and both card numbers? 1/2 @customer Can you also confirm what error you were getting when trying to update your account? Kind regards - Rhys 2/2","@Tesco Hey <name_redacted>, I think I've fixed it for some reason my old address was the main address so that was stopping my colleague card merging. || @Tesco Thanks for getting back so quickly though, just a quick question will my discount automatically come at checkout?"
tesco-2489376,2,tesco-2348099,2348105,18.736335915373576,0.8378167411708359,positive_followup_proxy,[],@Tesco Hi <name_redacted>. I've just DM'd details as requested. Can you keep me updated please as to why this keeps happening? Thanks,"@customer @customer Hi <name_redacted>, I have logged your complaint on our systems and this will be fed back to the store. Ty","@Tesco Hi <name_redacted>. That's great, but why is it never open was my question? I could understand if it was midnight, but this was Saturday aft"
tesco-2489376,3,tesco-2383774,2383774,23.355737987544366,0.8200000000000001,unclassified_followup,[],@Tesco Can you please advise if I can use a gift card online for groceries? Can't seem to get it to accept the code!,"@customer Sorry Charlotte I'm afraid that you can't use a giftcard on grocery orders, sorry for any inconvenience this causes. Thanks",@Tesco But I can in store?
tesco-547270,1,tesco-832562,832562,16.70478702772232,0.7459969940349871,unclassified_followup,[],@Tesco very disappointed that you have had No lettuce for 2 days and selling coleslaw on sell by date. #Food #notgoodenough #disappointed,"@customer Hi <name_redacted>, I can appreciate that this is very frustrating and I would like to look into this for you. 1/2 @customer Are you able to let me know the name of the store? Regards - Isaac 2/2",@Tesco Yes I will DM you the details- if you can message me please. It’s unacceptable in a giant store!! #food #tesco #disappointed || @Tesco Oh and while you are sorting this out could you also sort my Tesco card out that I reordered 3 months ago🙄🙄🙄 explains #Tesco #profits 😂
tesco-547270,2,tesco-1414630,1414630,17.087519761216186,0.7330889490674811,no_customer_followup,[],Can’t believe it ‼️ 10 days out of date on the day I purchased them... @Tesco #tesco #outofdate #notcool #disgusting #wraps <media_or_link>,@customer I have responded to your other post Charlotte. TY,
tesco-547270,3,tesco-1866026,1866026,16.960806502031833,0.7274302291868247,no_customer_followup,[],@Tesco your Cheshunt Extra Brookfield store now. 3 days out of date! <media_or_link>,"@customer Hi <name_redacted>, thanks for bringing this to our attention. I've called the store to make them aware and it has been reported to Management",
tesco-583105,1,tesco-1385355,1385355,17.444162841220408,0.82,unclassified_followup,[],"Not impressed @Tesco Hunstanton, by the trolley man wearing a horror mask, doesn’t help to have him deliberately lurch past cars... #kids","@customer Hi <name_redacted>, it's Halloween weekend. Apologies for any offence caused. Have a great weekend - Laura :)",@Tesco No offence taken just can’t believe you endorse the deliberate scaring of kids
tesco-583105,2,tesco-2560304,2560304,12.483346051195616,0.7668062488955911,positive_followup_proxy,[],"Hi @Tesco, just letting you know that a lot of the trolley parks in the car park of Swansea Marina have no chains to return trolleys","@customer Hi <name_redacted>, thanks for making us aware of this. I have spoken to the store and they are going to look into it.",@Tesco Took the trolley to one side earlier then to the other but no chains so ended up taking it back down to the store front so thank you ☺
tesco-583105,3,tesco-2615634,2615634,14.805943813192348,0.6959848997814296,unclassified_followup,[],"@Tesco If you’re not going to bother charging for a trolley, at least collect them from the trolley parks so that they don’t block the car parks and that they are at the entrance to the store!! #tescolarkfield","@customer Hi <name_redacted>, I'm sorry there were no trolleys available in the trolley bays at the store and for any inconvenience. Did you ask a colleague at the store for assistance? Can you advise the time of your visit to store? TY",@Tesco If I’d seen someone I would’ve said something! It was about midday when the car park was rammed!!
tesco-2905888,1,tesco-991277,991278,8.567734715313035,0.8393780245797298,positive_followup_proxy,[],@Tesco Hi it was Station Road,"@customer Hi <name_redacted>, I have checked it for you. Please return to the store with your receipt and voucher provided. TY","@Tesco Thanks I picked up a voucher but I think it was from the previous person,the time on it is earlier than my receipt.Does that matter?"
tesco-2905888,2,tesco-1027747,1027754,8.086857837020224,0.802369450363716,positive_followup_proxy,[],@Tesco May I DM you the station?,"@customer Hi there, you certainly can. :)",@Tesco Thank you Daniel. Done :-)
tesco-2905888,3,tesco-1032818,1032818,9.152716975119525,0.784398611666301,positive_followup_proxy,"[""private_channel_request"", ""personal_data_request""]","@Tesco I ordered 2x LEGO 60052, collected via click and collect then took home to find 2x LEGO 60051! £80 difference in value.... <media_or_link>","@customer Hi <name_redacted>. Sorry about this. Please send me a DM with your full name, address and order number so I can help you. Neil","@Tesco All sent over, thanks."
tesco-2822709,1,tesco-1439839,1439846,16.294538157902206,0.9658393201273905,positive_followup_proxy,[],@Tesco this is several weeks now we have suffered this nuisance...how long does it take Tesco to fix their trolleys?!,"@customer Many thanks Bernie, I've asked our Management Team to address this with the Trolley Team. Rest assured it'll be addressed",@Tesco Thank you!
tesco-2822709,2,tesco-1989798,1989798,16.401489375941104,0.9209972737714909,positive_followup_proxy,"[""private_channel_request""]","@Tesco Hi, how long does a refund take to go back into my bank account please","@customer Hi <name_redacted>, could you drop me a DM with a with some information on what the refund was for and I can look in to it for you? TY","@Tesco Hi <name_redacted>, I've sent you a DM. Thanks"
tesco-2822709,3,tesco-2572829,2572829,14.20884127289035,0.8652520800211301,positive_followup_proxy,[],"@Tesco Hello, when can we book Xmas delivery slots please? Thanks","@customer Hi there, thank you for your query, we do not have the dates at the moment. However it is usually towards the end of November for Delivery Saver customers. TY",@Tesco Thank you!
tesco-2865525,1,tesco-1049433,1049433,10.994842531422487,0.7407412197959826,positive_followup_proxy,[],"@Tesco Hi, just checking - £9.95 delivery for a toddler puddle-suit. Is this right? Thanks <media_or_link>","@customer Hi <name_redacted>, this item is sold by a Tesco Partner, the delivery fee may be different if you live in an outlying post code. Thanks",@Tesco Ok...thanks
tesco-2865525,2,tesco-1296872,1296872,10.19270797980312,0.6998320475518074,positive_followup_proxy,[],Just bought @customer from @Tesco stalybridge...something missing? 😆 <media_or_link>,"@customer Hi <name_redacted>, I'm very sorry to see this!! Are you able to return the item to store along with the receipt? 1/2 @customer Then we can investigate this fully and offer you a replacement! TY - Martin 2/2","@Tesco Yes, thank you 😊"
tesco-2865525,3,tesco-2630585,2630585,9.74084405844429,0.6767868128683266,positive_followup_proxy,[],Is there a copyright issue with the word popadom that I’ve missed? 🤔 @Tesco <media_or_link>,"@customer Hey, great question Ali, Poppadom and Pappadum are the same food, the former is just the anglicised spelling. Hope they taste just as good as what you are used to, if not better, being a little bit more authentic! ;) Thanks","@Tesco Thanks David! ☺️ You learn something new everyday. (Oh and your spicy lime pickle, amazing!!)"
tesco-2895435,1,tesco-866411,866411,18.697187589820132,0.7833823806614783,no_customer_followup,[],"@Tesco just purchased delivery saver have received confirmation, however still charging me for delivery? What’s happening? <media_or_link>","@customer Hi <name_redacted>, this will be on your email confirmation, if there is anything else we can help you with, please get in touch.",
tesco-2895435,2,tesco-2395271,2395271,13.666986366355102,0.7745539057000401,positive_followup_proxy,[],"@Tesco , I have literally just purchased this from a store and it isn’t even frozen, this is horrible I purchased 2 for £5 and they are both like it 😡 <media_or_link>","@customer I'll also require a picture of all the outer packaging information, bar code, dates and full receipt. Ty - Andy 4/4","@Tesco Thanks, I’ll send this over tomorrow"
tesco-2895435,3,tesco-1153006,1153006,11.856473248103619,0.6957912862810629,positive_followup_proxy,[],"Hi @Tesco, if I find the same item cheaper after I've already purchased from you, what do I do? @customer have their Twinnings tea 50% off.","@customer Hi <name_redacted>. Thanks for getting in touch. Unfortunately, we don't offer Brand Guarantee with Waitrose prices. 1/2 @customer The only thing you could do, would be to return to the store for a refund. I'm sorry I couldn't be of more help! Thanks - Chris 2/2",@Tesco Ah thanks Chris! Just checking before I left the house. Xx
tesco-577442,1,tesco-1179795,1179795,19.24651874656819,0.9045001319113994,positive_followup_proxy,[],@Tesco hi do you know when the Clubcard vouchers on the app will be available to spend?,"@customer Hi <name_redacted>, the online statements will be available from the 30th of October :) Kind regards","@Tesco Ah ok thanks, why do they take so long I need them for tomorrow !"
tesco-577442,2,tesco-1789149,1789149,21.783495512345805,0.7899999999999999,no_customer_followup,[],"@Tesco Is there a way of adding the Pay + app to my Apple Wallet, like you can with the Clubcard app for access? Else seems abit pointless.","@customer Hey <name_redacted>, Tesco Pay+ cannot be incorporated into Apple Wallet however you can pay + collect your points simultaneously with Tesco Pay+. Mo",
tesco-577442,3,tesco-2603319,2603320,17.107075755643343,0.7739646984882329,positive_followup_proxy,"[""over_public_length_limit""]",@Tesco Hi <name_redacted> it would be Ilkeston (or Long Eaton) Derbyshire - thank you,"@customer Hi there, I have just spoken to the Duty Manager in Long Eaton and he has told me that you should be able to go into the store in December and redeem your £6. 1/2 @customer I hope this is helpful for you. Is there anything else I can help you with today? Thanks, Calum 2/2",@Tesco No that’s fine Callum thank you !
tesco-510576,1,tesco-1069033,1069028,26.263031698227188,0.9669111011599729,positive_followup_proxy,[],"@Tesco Hi <name_redacted>, thanks, not keen to dm these details thanks, let me know an appropriate email address I can forward my feedback too? Thanks","@customer Hi <name_redacted>, you can email us at __email__ - Dani :)",@Tesco Thanks will do!
tesco-510576,2,tesco-1558176,1558186,23.52613198286268,0.8849062209340819,positive_followup_proxy,[],@Tesco Not true Craig. Your colleague told me he’s happy with the situation and isn’t prepared to do any more to resolve. Very disappointing,@customer I can see that my colleague has advised you of what has happened. If you need anything else then let me know.,"@Tesco Thanks Mart, I would like to find a solution to the frustration and stress caused by the non-delivery of our groceries. Can you help?"
tesco-510576,3,tesco-2084628,2084629,24.514817187065397,0.8645298901158942,positive_followup_proxy,"[""over_public_length_limit""]",@Tesco Hi <name_redacted>. It’s the Heath Hayes store in Cannock. This isn’t the first time it’s happened either. Thanks for replying,"@customer Thank you for coming back Jalen, I will arrange for a colleague to chase this up with the store when they open. TY @customer Hi <name_redacted>, the pay@pump stations aren't available after midnight either, it should've been coned off not to allow entry. 1/2 @customer I'm really sorry for the inconvenience caused but I hope this helps to prevent any future inconvenience. Thanks, Leah. 2/2",@Tesco I see! I never knew this. Is this the same for all of your PFS ? Thanks for letting me know! 😀
tesco-508905,1,tesco-1834532,1834539,13.929728645481834,0.758433740799318,no_customer_followup,[],"@Tesco No, they're just emptied most nights from 6pm onwards...","@customer Hi there, the reason the freezers have been emptied is because they have been doing a deep clean on all the fridge/freezers. 1/2 @customer This usually only lasts a couple of days then everything will be back to normal again :) - Beth 2/2",
tesco-508905,2,tesco-1679334,1679334,9.045963919411424,0.6920087658298033,positive_followup_proxy,[],@Tesco I have just discovered that the Hook branch no longer sells the jam filled Doughnuts!!! My heart is broken!,"@customer Oh no! I'm just going to get this looked into for you, I'll be back in touch shortly. @customer Hi <name_redacted>, unfortunately the store are no longer selling the item. However, you can order this in at our customer service desk. :) TY",@Tesco What a pity!! Thank you for looking into it though.
tesco-508905,3,tesco-1958426,1958427,11.858299215854629,0.6411891845291925,no_customer_followup,[],@Tesco Do you know if the North Shields store will delivery on 24th dec? Thanks,"@customer Hi <name_redacted>, I'm afraid the North Shields store won't be delivering on the 24th December. Ty",
tesco-2848277,1,tesco-737642,737642,11.095449948809808,0.8463320370731824,positive_followup_proxy,[],Hey @Tesco what’s the taurine for? Is this like red bull for cats? <media_or_link>,"@customer Hi <name_redacted>, we're looking into this for you and will be back as soon as possible as to why this is added @customer Hi Dan; Tauring helps to support a healthy heart and eyes in cats. I hope this is of some help - Mat :)",@Tesco Thanks! I appreciate you finding out 😀 || @Tesco @customer Does the cat grow wings? #RedBull
tesco-2848277,2,tesco-1271229,1271229,10.440846241763742,0.8070201188000121,positive_followup_proxy,[],"@Tesco Hello, do you have any facilities to recycle this mountain of plastic bags at any of your stores? Thank you. <media_or_link>","@customer Hi <name_redacted>, if you let me know your local store I can call to check this out for you? Ty","@Tesco Thanks Darren. Either Prestwich, Salford or Middleton would be handy."
tesco-2848277,3,tesco-1949938,1949938,10.185717044809987,0.7916984546667538,positive_followup_proxy,[],"I have to say, very good customer service at @Tesco thank you!","@customer Hi <name_redacted>, I've logged this and arranged for a £1 moneycard to be sent within 30 minutes. If there's anything else, let us know. TY","@Tesco Thank you, I’ve received it"
tesco-2219694,1,tesco-1393561,1393561,15.49295493123325,0.7929144901433117,unclassified_followup,[],Only the finest cups at @Tesco cafe 😭😭 <media_or_link>,"@customer Hi <name_redacted>, sorry about this. Do you mind telling me which store this is so I can have this looked into?","@Tesco Cardiff, Culverhouse Cross 😀"
tesco-2219694,2,tesco-1797939,1797939,14.295200421790172,0.7316145696060542,unclassified_followup,[],@Tesco. Why in your ready chicken meals do you buy chicken from Holland?,"@customer The supply in Thailand is reliable and steady, and therefore we have chosen to source Chicken from this part of the world. 3/5",@Tesco Well I did mention the chicken came from Holland. So you buy chicken from Thailand as well?
tesco-2219694,3,tesco-1784844,1784844,14.78831825946626,0.7268518649171807,no_customer_followup,[],Chicken and chips for lunch today. Hot food counter @Tesco is awesome :-) <media_or_link>,"@customer Hi <name_redacted>, I'm glad to see that you're enjoying your lunch from the hot food counter. :) I'm partial to sausage and chips myself! TY",
tesco-2956325,1,tesco-2392846,2392850,16.20751722994463,0.6743559595983502,positive_followup_proxy,[],"@Tesco No not yet, any advice?",@customer We have a fab planner here that starts from 6 weeks before #EveryonesWelcome #EveryLittleHelps <media_or_link> <media_or_link>,@Tesco Thank you
tesco-2956325,2,tesco-1199558,1199558,26.88379470402758,0.64,private_handoff_without_outcome,"[""private_channel_request"", ""personal_data_request""]",@Tesco I found a mini green pepper growing inside a red pepper lol,"@customer Hi <name_redacted>, what a surprise you must of had, I would like to log your comments is that okay? Can you DM me some details please? 1/2 @customer I would require your full name, full address and email. Ty, Andy 2/2",
tesco-2956325,3,tesco-2115777,2115777,20.362515999137116,0.6210902628560447,unclassified_followup,[],@Tesco hi I would like some advice on pet products if you could help,"@customer Hi <name_redacted>, I can certainly try and assist you. How can I help you today?",@Tesco Hi peter do you do any products for a dogs coat it's very dull and sticky
tesco-2899827,1,tesco-1045075,1045078,11.264053102018496,0.759679882925486,positive_followup_proxy,[],@Tesco Abingdon Marcham Road. It's the best fudge ever! ☺,"@customer Hi <name_redacted>, I'm happy to let you know that the Abingdon Extra now have stock of the Salted Caramel Fudge. 1/2 @customer Hopefully you'll be able to grab yourself some and I think I'll need to get myself some of this too! Thanks, Jessica 2/2","@Tesco Fabulous, that makes Monday so much better, thank you ☺"
tesco-2899827,2,tesco-2253298,2253298,10.770381584246014,0.7342741568485451,positive_followup_proxy,[],@Tesco Why have you discontinued your Tesco Finest Katsu curry!? It was the best one ever!,"@customer Hi <name_redacted>, could you please let us know which store you visit for shopping and I will look into this for you? TY","@Tesco Thank you for the response, it's the Church Langley Tescos in Harlow Essex."
tesco-2899827,3,tesco-2176851,2176851,14.151775986898862,0.728290232030528,unclassified_followup,[],Thanks @Tesco You made me have to return to Twitter Big thank you 🙄,"@customer Hi There, I'm very happy to hear this :) Can I ask why?",@Tesco Hi <name_redacted> I'm sorry that my sarcasm didn't come across. If you look at recent tweets on my timeline you'll see why Tesco caused my return
tesco-73791,1,tesco-1049433,1049433,12.179522104622965,0.7620735785859838,positive_followup_proxy,[],"@Tesco Hi, just checking - £9.95 delivery for a toddler puddle-suit. Is this right? Thanks <media_or_link>","@customer Hi <name_redacted>, this item is sold by a Tesco Partner, the delivery fee may be different if you live in an outlying post code. Thanks",@Tesco Ok...thanks
tesco-73791,2,tesco-41738,41738,11.099494415560587,0.7104577946049464,positive_followup_proxy,[],@Tesco plastic wrapped in more plastic... 🤦 #SaveOurOceans <media_or_link>,"@customer Hi <name_redacted>, packaging is vital to protect food &amp; reduce food waste. 1/2 @customer We have worked hard to ensure that the materials we use are the right materials to protect the food we sell. TY - Joanne 2/2",@Tesco This is a bs response... No offence... If you 'worked hard' you would not have added a second plastic wrapper
tesco-73791,3,tesco-1746174,1746174,14.73075221931757,0.6739998438286042,no_customer_followup,[],Dramatic rise in plastic seabed litter around UK. Supermarkets must reduce plastic use! @customer @Tesco @customer <media_or_link>,"@customer Hi <name_redacted>, as an equally environmentally conscious person, I understand your concern for plastics in our seas and oceans. 1/2 @customer This article might help explain our policies on recycling. :) I hope this helps! - Robyn 2/2 <media_or_link>",
tesco-2893964,1,tesco-2541355,2541355,35.303989033611494,0.7899999999999999,no_customer_followup,[],@Tesco do you price match??? Just wondering an item I need is cheaper at a competitors...!,"@customer Hi there, I'm sorry but I have looked into this and unfortunately we don't. I hope this helps. Thank you",
tesco-2893964,2,tesco-1153006,1153006,26.24124870151091,0.7895012072078511,positive_followup_proxy,[],"Hi @Tesco, if I find the same item cheaper after I've already purchased from you, what do I do? @customer have their Twinnings tea 50% off.","@customer Hi <name_redacted>. Thanks for getting in touch. Unfortunately, we don't offer Brand Guarantee with Waitrose prices. 1/2 @customer The only thing you could do, would be to return to the store for a refund. I'm sorry I couldn't be of more help! Thanks - Chris 2/2",@Tesco Ah thanks Chris! Just checking before I left the house. Xx
tesco-2893964,3,tesco-1735330,1704846,22.431333882205717,0.7010089365792855,positive_followup_proxy,[],"@Tesco Can’t find that, but I’ve DM all other details to customer service, and will take all in store today, to Tesco Extra Portwood, Stockport","@customer Hi there, thank you for your details.. I have logged this on our system for further investigation. 1/2 @customer When you take the product and piece of glass back to store you will be refunded and your product will be sent off. Thank you - Brooke 2/2","@Tesco Thanks Brooke, Im heading to Stockport in the next hour!"
tesco-547256,1,tesco-49219,49219,16.410827125268455,0.939723561973465,positive_followup_proxy,[],How lazy do some people have to be that they can't manage that extra few feet @Tesco <media_or_link>,"@customer Hi <name_redacted>, sorry to see this! Can you confirm which branch this is and I'll get someone to look in to it! TY",@Tesco Not the staffs fault martin. Lazy customers of yours. Sure it been sorted now
tesco-547256,2,tesco-2638804,2638804,13.030526596939739,0.7832357787362343,positive_followup_proxy,[],@Tesco can you still refund an item within 21 days if I have lost my receipt but have my credit card and clubcard details..?,"@customer Hi <name_redacted>, our colleagues in store at Customer Services can recover a receipt within 28 days if a Clubcard was used with a purchase. Kind regards",@Tesco That’s great thanks
tesco-547256,3,tesco-987146,987146,14.77424965481448,0.7639597716533303,positive_followup_proxy,"[""private_channel_request"", ""personal_data_request""]",@Tesco absolute joke. Your driver crashes and we then have to pay again to have an order delivered and refunded within 5 days. #idiots,"@customer Hey <name_redacted>, I'm sorry to hear this. Can you please DM your full name and address and I'll happily look into this for you. Thanks Beth",@Tesco I’ve messaged you Beth. Thanks
tesco-550091,1,tesco-1302724,1302728,17.95705625465329,0.82,unclassified_followup,[],"@Tesco Not sure, you pick!",@customer Hmmm 🤔 How about something a little different? #EveryLittleHelps <media_or_link>,@Tesco That sounds nice!! Buy me the ingredients and I will 😋😋😋
tesco-550091,2,tesco-1609154,1609154,10.280689746558785,0.6494625595993029,positive_followup_proxy,[],Hi @Tesco. Friend has contacted online about issues with faux leather boots causing her kid painful rash. She's received no reply. What now? <media_or_link>,"@customer Hi <name_redacted>, please advise your friend to return the boots &amp; receipt to her nearest Extra/Superstore or Metro so it can be investigated 1/2 @customer If she has any queries please ask her to contact us directly - Laura 2/2","@Tesco Thanks Laura. She has contacted Tesco directly but has been ignored for 2 wks hence a public twitter request! || @Tesco If someone could respond to her initial online query, that would be less inconvenient than her going back in store."
tesco-550091,3,tesco-1483691,1483691,14.859470576885386,0.6485502980138252,no_customer_followup,[],@Tesco Late again for your grocery delivery! #lateagain #poorservice,"@customer Sorry Claire, did you receive your delivery?",
tesco-2965892,1,tesco-1156465,1156467,24.501647358011002,0.7899999999999999,no_customer_followup,[],@customer @Tesco Well I did end up getting one in @customer haha :) x,"@customer I'm glad you managed to get one in the end. :-) If there's anything else, please do get back in touch. TY",
tesco-2965892,2,tesco-1913954,1913954,10.399933073764043,0.5280559897005552,positive_followup_proxy,[],@Tesco I left a purchase at the end of a till this evening. I have my receipt; am I able to return to collect? #Numpty #WhoForgetsLooRoll,"@customer Hi <name_redacted>, Don't worry, we've all done it! The store should be more than happy to return your purchase with your receipt. TY",@Tesco Brilliant! Thank you. I’ll head back in the next couple of days. 🤦‍♀️
tesco-2965892,3,tesco-737605,737603,9.95777945519579,0.513258373771787,positive_followup_proxy,[],@Tesco Yes we did. I have direct messaged you the details,"@customer Hi <name_redacted>, thank you for getting back to me. I have logged your complaint, and this will be passed to the store management. 1/2 @customer If you ever need anything else, now or in the future, please don't hesitate to get back in touch. - Paul. 2/2",@Tesco Thanks. I regularly use that cafe &amp; have had good experiences &amp; filled surveys in to that effect. So I thought it only right to raise this
tesco-2577726,1,tesco-1555184,1555184,27.604557711110676,0.82,unclassified_followup,[],"@Tesco Just been charged twice for one transaction, can you help with this? <media_or_link>","@customer Hi there, I'm so sorry! Are both transactions debited or is the following a pending transaction? Thanks",@Tesco Both debited!
tesco-2577726,2,tesco-1086962,1086962,22.3914293583007,0.6651427733767453,unclassified_followup,[],"@Tesco Weeks later, customer toilets at branch 3238 (S Tottenham) still out of use. Sign gone. You said vandalism. Are they gone for good? <media_or_link>","@customer Hi <name_redacted>, I'm sorry to say that the toilets in store are being removed and this is the reason you're not able to use them. TY",@Tesco Not what I wanted to hear and another sign of this store going downhill. Please ask local management to put up a proper notice to this 1/2
tesco-2577726,3,tesco-1856585,1856588,17.171590324168896,0.6400862043571556,positive_followup_proxy,"[""over_public_length_limit""]",@Tesco No I didn't I should have done. Are you still accepting them as are use them up?,"@customer Hi <name_redacted>. We are still accepting old £1 until the 22nd, if you return to the store they will be happy to exchange it for you. 1/2  @customer I've emailed the store and they have been made aware of this issue, hopefully they will get this resolved as soon as possible:) Ty Calum 2/2",@Tesco Thank you
tesco-1053285,1,tesco-1034351,1034351,19.4422601875831,0.7899999999999999,no_customer_followup,[],@Tesco Can you please make these in a six pack. The two bags in the multi have dissappeard before we leave the car park... Thanks 👍 <media_or_link>,"@customer Hi <name_redacted>, I have recorded your feedback with reference 2312725 for further review. TY",
tesco-1053285,2,tesco-1365742,1365745,14.247870748923326,0.7809205669194108,positive_followup_proxy,[],"@Tesco Hi, no, we were on our way home at this time. I don’t think there are any lights in that corner of the car park","@customer Hi, <name_redacted> sorry to hear that there was not enough light in the car park. 1/2 @customer I have spoken to the store management and it will get looked at. TY - Eve 2/2","@Tesco Thank you very much, that’s great! Hopefully we’ll see an improvement in the lighting."
tesco-1053285,3,tesco-55196,55196,12.742157251764922,0.6674153439794139,positive_followup_proxy,"[""personal_data_request""]",@Tesco Is there any way to find out which stores have it before I go?,"@customer Hi <name_redacted>, I can check to see which stores have this in stock, can you confirm a postcode and the particular soya milk you're after?",@Tesco Thanks! Looking for this one. <media_or_link> And postcode E2 7AA (approximately).
tesco-2913739,1,tesco-2646548,2646548,14.138566459450452,0.79,no_customer_followup,[],Nice one @Tesco half the letters are missing from the pack. 👆🏻 <media_or_link>,"@customer Hi there, I'm terribly sorry about that. If you can return to store with your receipt you can get an exchange or refund for the poor quality product. TY",
tesco-2913739,2,tesco-414615,414615,12.99913590234626,0.7839159978131366,positive_followup_proxy,"[""private_channel_request"", ""personal_data_request"", ""over_public_length_limit""]",@Tesco brought these and more than half the pack was empty shells <media_or_link>,"@customer Hi <name_redacted>, I'm so sorry half the pistachios were empty. I can understand your frustration as I'm a big fan as well. 1/4 @customer Can you please DM me your full name, address, email, barcode, supplier code and also a clear copy of your receipt? 2/4 @customer I'll then be able to refund you. Can I also ask for your permission to pass on your details to our supplier please? 3/4 @customer Can you please let me know if you would rather a refund through the post or to your email? TY - Mark 4/4",@Tesco Thank you for the reply and unfortunalty I didn't get a receipt as I don't normally get them for food
tesco-2913739,3,tesco-1067959,1067959,9.544977991297024,0.7335838428394514,positive_followup_proxy,[],@Tesco - I ordered a pack of 30 sharpie pens.... <media_or_link>,"@customer Hi <name_redacted>, That's some size of box for 30 sharpie pens. Can you give me some information into your query? TY Natalie","@Tesco Hi <name_redacted> - no real query, the pens are great 👍🏼 Just thought the pacakaging was a little excessive..."
tesco-97692,1,tesco-1908778,1908778,18.577973612423293,0.7899999999999999,no_customer_followup,[],"@Tesco what the fudge is going with your festive food ordering. First order from 23rd Oct, Now 24th Nov WTF!!!!","@customer Hi <name_redacted>, sorry to hear of the issues you are having, can you please explain a little more about what the issue seems to be? TY",
tesco-97692,2,tesco-35381,35381,13.35148702723593,0.7693118157414256,positive_followup_proxy,[],@Tesco have I missed when Xmas slots are open for delivery saver folks?,@customer Hi <name_redacted>. Good news! You haven't missed it! 23rd November is the cut off to sign up to a delivery saver plan to book a Xmas slot. 1/2 @customer 26th November is the date delivery saver customers can book slots up to and including 23rd December. Thanks,@Tesco many thanks! have been a saver customer for years now. Are you delivering Xmas Eve?
tesco-97692,3,tesco-1573151,1573157,17.296331547849167,0.7334305099751027,no_customer_followup,[],@Tesco That’s because I have paid upfront for delivery saver.......can you confirm you will be emailing me a money off code??,"@customer Hi <name_redacted>, I have sent you a £5 ecoupon to use on your next order. I hope you have no further issues.",
tesco-552753,1,tesco-1047316,1047318,4.343330123648807,0.8686401732133375,positive_followup_proxy,[],@Tesco <media_or_link>,"@customer Hi <name_redacted>, I'm sorry you did not meet the qualifying spend. Your total before staff discount was only £51.06. Thanks",@Tesco Thanks for the explanation. I'll just have to drink more wine!
tesco-552753,2,tesco-1218477,1218483,4.343330123648807,0.8686401732133375,positive_followup_proxy,[],@Tesco <media_or_link>,"@customer Hi <name_redacted>, I have logged this on our system and I have sent you out a Tesco MoneyCard that will be with you within 10 working days.",@Tesco thank you
tesco-552753,3,tesco-1131485,1131485,4.343330123648807,0.8186401732133375,positive_followup_proxy,"[""over_public_length_limit""]",@Tesco <media_or_link>,"@customer Hi <name_redacted>, I am just looking in to this and will get back to you shortly :) @customer Hi <name_redacted>, there is no set age on our spaces, we expect our customers to be fair and apply common sense when using them :) 1/2 @customer This however may differ to each specific store so it's worth asking a manager next time you're in the store - Tyler 2/2",@Tesco Ok thank you
tesco-2844532,1,tesco-1504081,1504081,16.135079843567972,0.8527309753343575,positive_followup_proxy,[],"@Tesco Hi guys, is it free to cancel a click and collect order? Thanks! :)","@customer Hi <name_redacted>, as long as the order is cancelled before it's charged for on the day yes it is :) Charlotte","@Tesco Great, thanks Charlotte!"
tesco-2844532,2,tesco-397824,397824,14.738206779701411,0.7944901864579483,positive_followup_proxy,[],@Tesco I’ve order click and collect via your direct website but need a friend to collect for me as store is nearer the not me. Conf email says it must be me - if I forward them a copy of my conf email can they collect on my behalf pls? 🙏,"@customer Hi <name_redacted>, Thanks for taking the time to contact us. Sadly my Tesco Direct colleagues have finished for the evening. One of my colleagues will be in touch tomorrow to help resolve this for you. TY",@Tesco Thanks
tesco-2844532,3,tesco-2104623,2104623,13.977974792106984,0.762793311608045,positive_followup_proxy,[],"@Tesco Hi. Can I refund an item I ordered through click and collect to store, it's through a third party? Thank you.","@customer Hi <name_redacted>, with some partner products you can return to a store but I'll take a look at your order &amp; let you know. 1/2 @customer To do this I'd need your full name, address &amp; order number? Thank you in advance :) Kind regards - Andy S 2/2",@Tesco Wonderful thank you. I've dm'd you!
tesco-2846417,1,tesco-1892220,1892220,28.86627642432822,0.69,private_handoff_without_outcome,"[""private_channel_request""]",@Tesco Next day click &amp; collect MY ASS. What a joke.,@customer I'm sorry there's a delay with your order. Please DM me your details if you require assistance. - Mart <media_or_link>,
tesco-2846417,2,tesco-813197,813198,16.474129531416008,0.6479781353571481,positive_followup_proxy,[],@Tesco Hey <name_redacted> I've been waiting at the till for a whilst now and I've been told they don't have it. Could u advise please ?,@customer Hi <name_redacted>. I'm sorry I was told they had it behind the customer service desk and no just that they had it in stock. 1/2 @customer Is it a different issue of the magazine? Thanks Calum 2/2,@Tesco It's the same one I believe.Thanks for contacting them anyway it was simply not what I expected having to wait 15 minuites to collect it 1/2 || @Tesco And also having annoyed staff who kept saying ' you'll just have to wait until he can hear the announcement because he has headphones on' || @Tesco Found that really unprofessional and disrespectful in all honesty.I'd expect a staff member to try harder than that to help a customer
tesco-2846417,3,tesco-927691,927692,13.691736310309011,0.5689391069847579,positive_followup_proxy,[],@Tesco Hi <name_redacted>. Just dm’d. Thanks,"@customer Hi <name_redacted>, Thank you for your details I have sent out a money card via post. This will be with you in the next 10 working days. 1/2 @customer This contains your refund. I hope this helps. Thank you - Brooke 2/2",@Tesco Thanks so much for sorting Brooke. Hugely appreciated
tesco-584179,1,tesco-1563307,1563308,16.45837874923032,0.7899999999999999,no_customer_followup,[],@Tesco .... actually just spoke to a very helpful man called Kevin by phone so he has answered all my questions. Thanks!,"@customer Hi <name_redacted>, I'm glad your question has been answered! Let me know if I can help with anything else :) Charlotte",
tesco-584179,2,tesco-1549546,1549546,15.14275751355121,0.7844522671586153,positive_followup_proxy,"[""private_channel_request"", ""personal_data_request"", ""over_public_length_limit""]",@Tesco just want to say how disappointed I am at your delivery service. 10-11pm slot and you've not turned up and no phone call. Nice one.,"@customer Hi <name_redacted>, I'm sorry to learn your order didn't arrive last night 1/3 @customer I appreciate this must be incredibly frustrating and I'd like to investigate this further 2/3 @customer In order for me to do so can you please DM your full name, full address and email address? Thanks - Aneurin 3/3","@Tesco Thank you for your reply, DM sent."
tesco-584179,3,tesco-1748965,1748965,13.57822976224907,0.6765033527719082,unclassified_followup,[],Just bought such nice Christmas decorations for our house and I am EXCITED ⛄️❄️,@customer We're excited for Christmas too 🙌 What colour scheme did you go with?,@Tesco Frosted silver and pink 💫💫
tesco-583097,1,tesco-1433803,1433809,17.814689811116892,0.7899999999999999,no_customer_followup,[],@Tesco I was told you had a specific free from Christmas cake kit? (Traditional fruit cake),"@customer Hi <name_redacted>, we have the Free From Vanilla cake kit and Free From Chocolate Christmas Pudding kits available. Thanks",
tesco-583097,2,tesco-1898390,1898391,15.990992704888598,0.7060562635127102,no_customer_followup,[],@Tesco Comes back in 😆 can’t fault your customer at all,"@customer You're welcome Sarah, I hope that you had a lovely weekend. I'll keep my eyes peeled for your response. Have a nice night. Regards",
tesco-583097,3,tesco-992960,992960,11.329240619301974,0.7014784768259281,positive_followup_proxy,[],Today is Christmas cake baking day 🙆‍♀️ #christmascake #lotsofbrandy,@customer Sounds productive! Got your recipes yet? #EveryLittleHelps <media_or_link>,"@Tesco I do, but I'll check these out as well, thank you 👌"
tesco-587554,1,tesco-2495531,2495532,10.641036845440627,0.7294520026910833,positive_followup_proxy,[],@Tesco Hi does it say what size the one that comes with it is? I want to get some others too but there are so many of different sizes!,"@customer Hey, <name_redacted>! I'm not too sure, but I've asked my support team and will be back in touch as soon as I know more. :)",@Tesco Thanks
tesco-587554,2,tesco-2064453,2064454,14.474744776794381,0.697406255759717,unclassified_followup,"[""over_public_length_limit""]","@Tesco Tried on two different devices, two different browsers- still no joy!","@customer Sorry to hear that, Martin! :( Have you deleted your cache and cookies? You should find that ttis solves most online issues. 1/3 @customer Also, if your devices are mobiles and tablets, they may not allow our site to work at its fullest capacity. Have you tried a PC/laptop? 2/3 @customer I really hope this helps, but if not, let me know :) - Dawn 3/3","@Tesco Hi Dawn; tried on iPhone safari - failed, MacBook - safari / chrome - failed. Ended up having to ring around stores and drive to one out of town to source present for 4th bday."
tesco-587554,3,tesco-1692038,1692038,13.413298728033963,0.6425982830300823,unclassified_followup,"[""over_public_length_limit""]",@Tesco Prices on shelves different at the till #nothappy,"@customer Hi <name_redacted>, I'm sorry to hear that there was a price difference between one displayed at the shelf and one charged at the till. 1/2 @customer Could you please let me know which store it was and what product you purchased? I will look into this for you. TY - Eve 2/2","@Tesco It was tesco express in Grantham, and it was fox's chunkie cookies, £1 on offer, £1.89 at the till"
tesco-590187,1,tesco-1306136,1306137,19.71524597667039,0.7899999999999998,no_customer_followup,[],@Tesco I wasnt expecting to need to get a refund or contact you. I thought the quality was good,"@customer Hi <name_redacted>, my colleagues at store of purchase can get a receipt if a Clubcard or debit/credit card used, within 30 days of transaction.",
tesco-590187,2,tesco-2193000,2193004,17.30556062866943,0.7197759405234418,unclassified_followup,[],"@Tesco See earlier in our conversation, it's the same error",@customer Hi <name_redacted>. It seems strange that it works for us here but not on your end. Have you tried another computer or device? This would help narrow down where the problem is. Thanks,"@Tesco Yes, both, as I said before. The problem does seem intermittent, which is a pain- all I can suggest is impersonating my login to try and reproduce the issue, if your system allows for this"
tesco-590187,3,tesco-1575174,1575174,17.121531334695845,0.7121217615577364,unclassified_followup,[],"Bonfire night is my fave. Nothing better than wrapping up warm and having hot dogs, jacket potato and mushy peas for tea 😋🎇🍂",@customer Definitely one of the cosiest nights of the year isn't it Harley ☺️ Don't forget the sweet treats 😇🍬🍫 <media_or_link>,@Tesco So true! Toffee apples are my fave 🍎😻
tesco-2923097,1,tesco-1261415,1261415,12.810935770771327,0.9640349626358202,positive_followup_proxy,[],@tesco thanks for blocking the road with all your trolleys at the busiest time of the day! <media_or_link>,"@customer Hi there, sorry to see these aren't put away properly. Can you confirm the store so that I can call our management team. Thanks",@Tesco Thanks for your reply its the Aberdare store. Not the first time either
tesco-2923097,2,tesco-1350718,1350722,7.408407519041177,0.6333978326262939,positive_followup_proxy,[],@Tesco I now won't use you for games as the whole point of ordering was as a present for day of release. That present is now ruined. Thanks...,"@customer Hi <name_redacted>. Pre-ordered games are sent 24-48 hours before the day of release, with our aim being for it to arrive with you on release day. 1/2 @customer The delivery date quoted of November 7th is the latest date we would expect it to arrive. Regards - Aaron 2/2",@Tesco Thank you for clarifying that who ever last tweeted me didn't confirm any information. So thank you for confirming.
tesco-2923097,3,tesco-2149585,2149585,7.6581239655467535,0.5986805901319745,positive_followup_proxy,"[""over_public_length_limit""]","Hey @Tesco why is it that I can not secure a slot for delivery for the whole month? 9/11 through to 28/11 ""no slots available! Try another day""","@customer Hi <name_redacted>, I'm sorry you're having difficulty booking a delivery slot 1/4 @customer I appreciate this must be frustrating and I'd like to get this resolved for you as soon as possible 2/4 @customer Firstly can you please try adding your address to the address book under My Account using a different nickname 3/4 @customer Once this is done just go to the Book a Slot page and select the new nickname from the dropdown beforehand. - Aneurin 4/4",@Tesco All good. Thanks for the fix!
tesco-452145,1,tesco-1135322,1135322,22.57116483020702,0.7899999999999999,no_customer_followup,[],@Tesco have you stopped selling potato scones in your dunfermline superstore no longer seems to have them #bringbackthetattiescone,"@customer Hi <name_redacted>, I've checked our Dunfermline store for you and can confirm that we're ranging this line, and they have good availability. 1/2 @customer Just to confirm that this is the line that you're referring to? <media_or_link> Regards - Isaac 2/2",
tesco-452145,2,tesco-963813,963813,13.887077847404727,0.6345111282707083,positive_followup_proxy,"[""over_public_length_limit""]",@Tesco have you stopped selling own brand cetirizine? Can't see it in store,"@customer Hi <name_redacted>, thanks for getting in touch, it looks these are currently unavailable, sorry for any inconvenience caused. 1/2 @customer I'll speak to my support team regarding this tomorrow &amp; get back to you ASAP. Kindest regards- Hannah. 2/2 @customer Hi <name_redacted>, we're experiencing supply issues with this product at the moment. Sorry for any inconvenience caused","@Tesco Ok thanks, so it's not been discontinued?"
tesco-452145,3,tesco-2605202,2605202,12.257783012048748,0.6253195989437015,positive_followup_proxy,[],"Hi @Tesco have you stopped production of your Goodness Fruit Drink cartons? It was the only juice we could find which doesn't contain sugar or sweetener &amp; our son loves it, but our local store no longer seems to sell it :(","@customer Hi <name_redacted>, are you referring to these? <media_or_link> If so, please let me know which flavour and store so I can check the stock levels for you. TY","@Tesco Hi <name_redacted> thanks for coming back so quickly, it was these ones and the red fruits juice, thanks K <media_or_link>"
tesco-508884,1,tesco-2220541,2220543,25.340017184360097,0.7899999999999999,no_customer_followup,[],"@Tesco Instore, at my branch at New Oscott...","@customer Hi <name_redacted>, can you please return the mug, packaging and receipt to one of our large stores? Thanks",
tesco-508884,2,tesco-2534666,2534671,15.34045882801497,0.6764154581053783,positive_followup_proxy,[],"@Tesco Rainham,Essex . Cherry tree branch :)","@customer Hi <name_redacted>, that's great to hear. It's wonderful my colleagues in store are making you feel welcome and being the best they can. :) Can you let me know what department Rachel works on please so I can get the right colleague. :) TY",@Tesco She was working this morning on checkout at 6am .... many thanks || @Tesco Tried to find Rachel on here but no such luck.
tesco-508884,3,tesco-2253242,2253242,20.892520014545507,0.6460795104156888,no_customer_followup,[],@Tesco that moment when you are putting up your new tree and the middle stem is full of rivets so the top tier can't go on 😖😖😖 <media_or_link>,"@customer Hi <name_redacted>, I'm really sorry your new tree won't go up properly and I can understand your disappointment. If you return it to store then I'm sure my colleagues on the Customer Service Desk will be able to help you. Thanks",
tesco-2519910,1,tesco-1087887,1087887,19.609251544827753,0.85,positive_followup_proxy,"[""private_channel_request"", ""personal_data_request"", ""over_public_length_limit""]",@Tesco spot the mistake.....#plentyofnaantoshare #notmuchcurrythough <media_or_link>,"@customer Hi <name_redacted>. I'm so sorry about this! I'd like to send you a Tesco Moneycard as a refund and feed this incident back to our supplier. 1/4 @customer Your Moneycard can be sent via email or by post, can you confirm which you’d prefer? 2/4 @customer So I can do this, can you DM me your full name, address, email address, postcode, barcode, SC code, price paid and store this came from? 3/4 @customer Also, would it be okay to pass your details onto our supplier? As they may want to get in touch with you. Thank you. Alisha 4/4","@Tesco Alisha, Can you confirm what an SC code is? Also, I have no idea how much I paid for it as I don't have the receipt. Thanks Jonathan"
tesco-2519910,2,tesco-1958925,1958925,15.738173239642508,0.8381231326960479,positive_followup_proxy,[],Righto @Tesco cost per 100g - give me a clue - calculator at the ready ? <media_or_link>,"@customer Hi <name_redacted>, I'm sorry for any confusion, did you alert my colleagues in store to this? If not, can you let me know which store it is? TY",@Tesco Thanks for the prompt reply. Pinner - north west London
tesco-2519910,3,tesco-1829067,1829067,10.623256273407094,0.6242326686604975,positive_followup_proxy,[],@Tesco not a good sign if there's loo roll on your coffee machine 😥 <media_or_link>,"@customer Hi <name_redacted>, Will you be able to let me know where this was? I think we should have something better to wipe up spills, thanks","@Tesco Hi <name_redacted>. It's North Greenwich, a great store. If you could help them with fridge doors that close, we can save electricity too ☺"
tesco-2934029,1,tesco-1558176,1558186,21.49865874114991,0.8707576004372202,positive_followup_proxy,[],@Tesco Not true Craig. Your colleague told me he’s happy with the situation and isn’t prepared to do any more to resolve. Very disappointing,@customer I can see that my colleague has advised you of what has happened. If you need anything else then let me know.,"@Tesco Thanks Mart, I would like to find a solution to the frustration and stress caused by the non-delivery of our groceries. Can you help?"
tesco-2934029,2,tesco-756975,756976,24.900032832090723,0.7700446510172853,no_customer_followup,[],@Tesco Thanks Jay. Looks like it’s now being dealt with by another of your team and @customer,@customer In that case I'll leave you to speak with my colleague to avoid any confusion. Kind regards,
tesco-2934029,3,tesco-785549,785549,17.906996192799962,0.7553565313123962,positive_followup_proxy,[],"@Tesco Morning. 2.20 on packet, 2.31 shelf &amp; till. Reported last week in store, still not fixed. Will you resolve please? <media_or_link>",@customer Thanks for letting me know! Please can you send me a photo showing the full front of the packaging along with your receipt in full? 1/2 @customer I'll happily escalate this so that we can ensure the correct price is showing to avoid any further confusion :) - Mat 2/2,"@Tesco I already sent you photos showing the item in question, the receipt with store location. That's all you need to escalate &amp; fix. Thanks. || @Tesco It isn't so much ""confusion"" as you are incorrectly charging non meal deal customers at your checkout, assuming 2.20 is the correct price."
tesco-461646,1,tesco-1504081,1504081,16.135079843567972,0.847560150913683,positive_followup_proxy,[],"@Tesco Hi guys, is it free to cancel a click and collect order? Thanks! :)","@customer Hi <name_redacted>, as long as the order is cancelled before it's charged for on the day yes it is :) Charlotte","@Tesco Great, thanks Charlotte!"
tesco-461646,2,tesco-2236901,2236901,19.819585476480164,0.82,unclassified_followup,[],"Another day, and still no delivery from @Tesco Click and collect? Click and couldn't be arsed apparently 😡","@customer Hi <name_redacted>, sorry again for the delay. I can see that the courier now has your order but it's still at their sorting depot. It looks likely this won't be delivered until tomorrow at the earliest. Please accept my apologies. Regards",@Tesco As *what* now!?! I've not requested any replacements or returns. I just want my item! What the hell is going on??? <media_or_link>
tesco-461646,3,tesco-2171472,2171473,15.314271595057765,0.8136006735786452,positive_followup_proxy,[],@Tesco It's for a large order and request if discount for a good cause,@customer Please then choose the tab for community champion and you will find a form - Allyn 3/3,"@Tesco Hi thanks it's not for a charity, but thank for your help"
tesco-2831183,1,tesco-2240959,2240959,17.94481652442715,0.7772213425789013,unclassified_followup,[],@Tesco disgusted that I found a live slug slithering all over and nibbling my pak Choi 😤🤢 and now all I've been offered is £5 money card? Are you joking? <media_or_link>,"@customer Hi <name_redacted>, I'm sorry you found a slug in your pak choi, I'm guessing you already took this back to the store, can you confirm which store it was you visited please? Thanks",@Tesco Amersham superstore
tesco-2831183,2,tesco-1105931,1105931,18.023030494302407,0.7506089262074174,no_customer_followup,[],@Tesco found half a bug in my raspberries 😩 <media_or_link>,@customer I'm really sorry about that Debz. Are you able to please return these to the store for a refund? Thanks,
tesco-2831183,3,tesco-2094387,2094387,18.932508339522936,0.59,private_handoff_without_outcome,"[""private_channel_request"", ""personal_data_request"", ""over_public_length_limit""]",@Tesco just found this in my raspberries <media_or_link>,"@customer Hi there, I'm sorry this was in your raspberries. I would love to refund you and feed this back to the suppliers on your behalf. 1/3 @customer Can you please DM me your name, full address, barcode, batch and supplier code and the store you bought these in. 2/3 @customer Can I pass your details onto the supplier? I can refund you either by post or email, please let me know whats best for you. TY - Jill 3/3",
tesco-2258735,1,tesco-1445680,1445682,13.954421495048502,0.8438750364572802,positive_followup_proxy,[],@Tesco I don't want a refund or anything can you just correct the ingredients to not confuse any other vegans or people with egg allergies,"@customer Hi <name_redacted>, I'm sorry to hear this, I will get this looked into further and get back to you as soon as possible, Ty, Andy",@Tesco Thanks boi
tesco-2258735,2,tesco-917139,917146,13.554404602697112,0.8248444210292214,positive_followup_proxy,[],"@Tesco I needed it for Weds.Tesco let me down so I went to Sainsburys.It's ok 2 not have Xmas stock in yet, but don't say it's there on ur website!",@customer I agree Hayley. I've reported this to my technical team who will deal with this internally,@Tesco Thanks. It should be looked it. I'm sure there's lots of other items letting people down too.
tesco-2258735,3,tesco-969412,969433,13.505821057624168,0.8225330817330729,positive_followup_proxy,[],"@Tesco Uhm... thanks @Tesco. Appreciate your record keeping, but let me reiterate: children. Birthday party. Ages 7-10. Your product Inappropriate.","@customer Hi <name_redacted>, it's been fed back to our Product Team",@Tesco Thanks Laura. Do u think the product team will help explain it to the other people’s children - or is that awkward moment just left to us?
tesco-104151,1,tesco-45696,29141,21.903956994828782,0.7797500691675798,positive_followup_proxy,[],"@Tesco Hi <name_redacted>, thanks for getting in touch. It's the Old Kent Road Tesco.","@customer Hi <name_redacted>, our Southwark Superstore is getting them delivered regularly. They have 12 in stock. 1/2 @customer If you're unable to find them on your next visit then please discuss this with a staff member. the product code is <number_redacted>. Paras 2/2",@Tesco thank you!
tesco-104151,2,tesco-1069033,1069028,18.971766174099617,0.6994640437722581,positive_followup_proxy,[],"@Tesco Hi <name_redacted>, thanks, not keen to dm these details thanks, let me know an appropriate email address I can forward my feedback too? Thanks","@customer Hi <name_redacted>, you can email us at __email__ - Dani :)",@Tesco Thanks will do!
tesco-104151,3,tesco-2143224,2143224,18.964835248539227,0.6992742687884403,positive_followup_proxy,[],"@Tesco Hi! <name_redacted> to place an order and keep getting ""403 - Forbidden: Access is denied"" when trying to pay in full with vouchers. Any ideas? <media_or_link>","@customer Hi <name_redacted>, I'm sorry you're having trouble ordering. Have you tried a different browser or clearing your cache and cookies? Best wishes. Mike",@Tesco Thanks Mike - tried Safari instead - and order when through.. stoopid firefox. 😝Cheers!
tesco-2912314,1,tesco-2253298,2253298,14.803460626075022,0.8647308862235936,positive_followup_proxy,[],@Tesco Why have you discontinued your Tesco Finest Katsu curry!? It was the best one ever!,"@customer Hi <name_redacted>, could you please let us know which store you visit for shopping and I will look into this for you? TY","@Tesco Thank you for the response, it's the Church Langley Tescos in Harlow Essex."
tesco-2912314,2,tesco-1081582,1081582,17.727895670559356,0.85,positive_followup_proxy,"[""private_channel_request"", ""personal_data_request"", ""over_public_length_limit""]",@Tesco this has to be the vilest most tasteless rubbish I’ve ever tasted. And using chicken from Thailand? #supportbritishfarmers <media_or_link>,"@customer Hi there, I am sorry to hear you didn't enjoy our Chicken korma, I would like to log your feedback. Can you DM me some details please? 1/3 @customer Your full name, full address, email, barcode, SC code, expiry date, and the store you purchased from, a summary of your experience too 2/3 @customer Kind regards, Andy. 3/3",@Tesco Thanks for the reply Andy. These things happen. Have dm the info requested
tesco-2912314,3,tesco-997299,997299,12.402948723456007,0.6036957246495925,positive_followup_proxy,"[""private_channel_request"", ""personal_data_request"", ""over_public_length_limit""]",@Tesco went to your store in Clapham South. Bought raspberries which were dreadful &amp; chicken which tasted like rubber. Worst quality ever.,"@customer Sorry Catherine, please can you send a pic of the barcode area and display date from the packaging? 1/3 @customer Can you also DM your full name, address, store that you purchased them from and the cost? 2/3 @customer Lastly can you confirm if you mind your details being passed to the supplier while this is looked into? - Ceri 3/3",@Tesco <media_or_link> || @Tesco <media_or_link> || @Tesco Thank you || @Tesco <media_or_link> || @Tesco Hi <name_redacted> thank you. Yes please do pass on my feedback. I’ll DM you now many thanks Catherine || @Tesco It was Clapham South opposite the station
tesco-481148,1,tesco-46636,46636,24.257761181297127,0.8873766530592955,positive_followup_proxy,[],@Tesco Got my Christmas Club Card vouchers. Thanks : ),"@customer Hi <name_redacted>, you are very welcome. I hope you enjoy spending them. Thanks - Gemma :)",@Tesco Thanks Gemma : )
tesco-481148,2,tesco-1258330,1258331,28.11990483801882,0.7899999999999999,no_customer_followup,[],"@Tesco Just trying to get some boost vouchers for tomorrow but computer says NO, has to be by post!!!","@customer Hi <name_redacted>, some of our deals on Clubcard Boost must be posted. This is because the attraction requires a physical token to be handed over. 1/2 @customer I'm really sorry for any inconvenience caused. Thanks, Jessica 2/2",
tesco-481148,3,tesco-2185142,2185142,25.911636697142647,0.7256050496632463,no_customer_followup,[],@Tesco can I use my club card vouchers Instore if I don’t have the printed vouchers but do have the club card??,"@customer Hi <name_redacted>, you would need to scan the codes on your vouchers when using it in store. 1/2 @customer If you don't have the physical copy, you can access them from your Clubcard App instead and scan it from there. :) - Jazzie 2/2",
tesco-488913,1,tesco-1644714,1644714,14.84126705757139,0.8120190144197708,positive_followup_proxy,[],@Tesco any idea of when your website will be up and running my booking time is running out!,@customer I'm really sorry Simon! This has been escalated to IT who are urgently working on this. I'm afraid we don't have an ETA.,@Tesco Thanks for replying I did get my order in thanks as rely on home delivery
tesco-488913,2,tesco-2628194,2628194,16.8882554803037,0.7991905207638971,positive_followup_proxy,"[""private_channel_request"", ""personal_data_request""]",@Tesco well done to the #pinchingtonlane #newbury branch what a joke off a place over an hour to try to leave the car park traffic is mental,"@customer Hi <name_redacted>, I'm really sorry to hear this. Can I please ask you to DM me and elaborate on the situation? Please include your full name and email? Thanks",@Tesco I have dmd you thanks
tesco-488913,3,tesco-1048196,1048196,13.301597897259025,0.7464518238653293,positive_followup_proxy,[],I give up... I'm running to tesco at this hour to get me some cake.,@customer How about making one of these? Only takes 5 mins 😊 #EveryLittleHelps <media_or_link>,"@Tesco Too late. I ran to my nearest tesco and just got ice cream, chips and some chocolate 😂😂😂 || @Tesco But thank you for the recipe though. Definitely bookmarking this for next time! ❤❤"
tesco-568989,1,tesco-2594846,2594846,21.66173072122086,1.0,positive_followup_proxy,[],"Clearly shouldn't online shop at Xmas. @Tesco maim you with partially removed security tags, while @customer don't even attempt to remove them <media_or_link>","@customer Oh no, I am really sorry to hear that. Please can you return to the store to report this to my colleagues? They will then be able to fill out the relevant forms with you.",@Tesco I can and do plan to do that. It doesnt change the fact that your negligence caused me an injury though. Also doesnt look great for the strapless dress i had planned to wear this weekend.
tesco-568989,2,tesco-1723172,1723172,15.395508394025823,0.7627935470887279,positive_followup_proxy,[],@Tesco I bought these using scan as you shot but I didn't get stopped when I walked through the beeping sensors. Can I hand these in with a receipt to get the tags removed. <media_or_link>,"@customer Hey. Yes, if you return to store with your receipt a member of staff will remove them for you. Sorry for the inconvenience. TY","@Tesco Thank you very much, don't worry it was my own daft fault!"
tesco-568989,3,tesco-1392540,1392540,18.296973655505106,0.6926278694257808,unclassified_followup,[],Waste of time! 30mile round trip to @Tesco to have security tags removed from dvds which were delivered in online shop...v unhappy customer!,"@customer I'm sorry for the inconvenience, Lynn. I'm glad it's sorted. Charlotte",@Tesco Haven't yet had the chance to do the trip...hence the reason for the online shop. Dvds will be returned due to rebuying birthday gifts
tesco-2944940,1,tesco-1433797,1433797,17.76802985087519,0.817015252809761,positive_followup_proxy,[],@Tesco customer service what a joke customer dis-service more like,"@customer Hi <name_redacted>, I'm sorry to hear this. Please can you tell me what happened? TY",@Tesco Sorted now thanks
tesco-2944940,2,tesco-397839,397849,17.3218638808096,0.8010194147454499,positive_followup_proxy,[],@Tesco Fantastic I’ve got to communicate with people who call me a liar.... really Tesco?,@customer I just thought by sending you in right direction this would help. Thank you - Brooke 3/3,@Tesco Thank you Brooke but what your colleague fails to realise is that I recorded the call as big companies tend to be know for not having great customer service the lady I spoke to clearly states that she would pass it to the contamination team now I am being called a liar!
tesco-2944940,3,tesco-1745725,1745725,15.878236781193268,0.749262833428145,positive_followup_proxy,[],@Tesco in accy really need to do something about people smoking in the areas where people wait for taxis. Can’t breathe. 😡,"@customer Hi <name_redacted>, Can you please give me the name of the store so I can look into this for you. TY",@Tesco Accrington. Thanks.
tesco-537001,1,tesco-1980784,1980784,16.96908984859913,0.7899999999999999,no_customer_followup,[],"@Tesco bought two DVDs, security tag wasn’t removed and I have no receipt 😫 can I go to store without receipt to have tags taken off?😬","@customer Hey <name_redacted>, do you have any other proof of purchase, I.e. bank statement? if not, the store will have to use their discretion. TY",
tesco-537001,2,tesco-2557691,2557691,12.506254300324633,0.784341695268518,positive_followup_proxy,[],"@Tesco hey guys, bought a shirt from your martins heron store, didn’t know it had a tag on...am I ok to pop in later and get them to remove it? I still have receipt. Thanks","@customer Hi <name_redacted>. I'm sorry for the inconvenience, but if you could return to the store our colleagues at the Customer Service Desk will be more than happy to remove the tag! Thanks","@Tesco Thanks Chris! I surprised I didn’t bleep as I left? Hey ho, another excuse to get some more cheap selection boxes 😂"
tesco-537001,3,tesco-2396058,2396058,12.000980285307532,0.7599252595014443,positive_followup_proxy,[],"@Tesco really disappointed, bought daughter Hogwarts jamas 3 (ish) weeks ago and the trousers have split already. No receipt so I can't return them and have had to fork out for a new pair she is so upset.","@customer Hi <name_redacted>, if you used your Clubcard or a debit card for this transaction within the last 28 days, we would be able to print a receipt for this at the customer service desk in store and process a refund for the pyjamas for you. Lawrence","@Tesco Well, I got it sorted eventually, mostly via a very steely gaze. But you can only look back 2 weeks in store apparently."
tesco-566379,1,tesco-2143200,2143201,13.287431306143894,0.8360641662325583,positive_followup_proxy,[],"@customer @Tesco Before we, as a family, decide where to buy our Christmas Turkey, can you please tell me if your turkeys are Halal? Thank you.","@customer Hi there, we are not selling Halal Turkeys in fresh or frozen this year. Thanks",@Tesco Thanks Josh || @Tesco @customer But are they slaughtered in halal slaughterhouses ?
tesco-566379,2,tesco-2613541,2613541,16.607664664275752,0.7899999999999999,no_customer_followup,[],Thank you @Tesco for your kind donation for our Christmas Fair. <media_or_link>,@customer You're welcome! Hope it goes really well ❤️️,
tesco-566379,3,tesco-1838655,1838655,14.773893036621843,0.7294579060287293,unclassified_followup,[],We would like to say a massive thank you to @tesco in Worcester for donating prizes for our Christmas raffle.,@customer That's really great! Can you confirm which store you visited in Worcester so we can feed your lovely comments back to them? Regards,"@Tesco Hi <name_redacted>, it was Suzy at the Warndon store."
tesco-2825152,1,tesco-1183970,1183970,13.006014617889559,0.7488331885705628,positive_followup_proxy,[],Hi @Tesco do you know if the Aylesbury Broadfields store is stocking Battlefront 2 today? Just been in there and no sign of it yet.....,"@customer Hi <name_redacted>. I've just spoken to one of my colleagues in the store and they have just told me that they do have the game in the store. I can't guarantee you will manage to get one as it's in high demand but I hope you do! :) Thanks, Calum","@Tesco Thanks for the reply. I've just purchased with click and collect along with a crate of beer, to pickup later. Should be a great weekend 👍"
tesco-2825152,2,tesco-852049,852049,12.622813667674242,0.6820734489594429,positive_followup_proxy,"[""over_public_length_limit""]","@Tesco I was ID’d in your Ely store today. I had no ID. I’m 48, there is really no way I look 25 or younger. Do your staff use common sense?","@customer Hi there, sorry to hear that you have been ID'd in store. Some may take this a compliment other can be offended and find it inconvenient 1/3 @customer I've contacted the store &amp; spoken with Spencer who has apologised, our stores give out very high standards of training for challenge 25 2/3 @customer I'm sorry for any inconvenience this may have cause, the store has confirmed they'll be speaking with colleagues. Thank you - Brooke 3/3","@Tesco Thank you. You refer to Spencer, who is this please. My concern is that I had a member of staff arguing with me when I questioned 1/2 || @Tesco why she had asked me in the first place. She implied that her job was at risk if she hadn’t. Do you have contact details for the store? 2/2"
tesco-2825152,3,tesco-1952691,1952691,18.748786464920673,0.64,private_handoff_without_outcome,"[""private_channel_request"", ""personal_data_request""]","If @Tesco Swindon can't cope today it has no chance over Christmas! No trollies, no staff to ask where an item is!","@customer Hi there Sarah, So sorry to hear about the hassle you faced today. Can you DM us your full name and address and the time you at store. 1/2 @customer What I'll do is get this issue logged here internally and feed this back to the store. Thanks, James. 2/2",
tesco-536162,1,tesco-1405565,1405565,16.091736960371236,0.9652267268011869,positive_followup_proxy,[],When @Tesco delivery miss their slot time do you get a refund as we are still waiting in for them to arrive,"@customer Hi <name_redacted>, sorry for the late reply, can you let me know if your order arrived?",@Tesco Yes it did thanks just later than scheduled
tesco-536162,2,tesco-811070,811070,14.294921423119089,0.8775477157375193,positive_followup_proxy,[],@Tesco are you doing deliveries on Christmas Eve? When will we be able to book a delivery?,"@customer Hi there, the Christmas delivery slots will be released at the end of November :) I hope this helps.","@Tesco Thanks, will there be Xmas Eve deliveries?"
tesco-536162,3,tesco-749085,749087,14.094748596862303,0.8677799042487255,positive_followup_proxy,[],@Tesco thank you so much helps a lot as a bus goes near there 24 hour route also goes near where I live 👍,"@customer That's good to hear Amanda. If there's anything else we can assist with, please let us know. Best wishes, Andrea :)",@Tesco thank you so much appreciate your help 👍
tesco-579499,1,tesco-1946392,1946396,14.592215463129499,0.7979464322838317,positive_followup_proxy,[],@Tesco I managed to complete to complete my shop but it 4 hours. And some items didnt register in the basket...It was rather annoying 😥,"@customer Hi <name_redacted>, our IT Team are aware of these issues and working to fix them as soon as possible. I'm sorry for any inconvenience caused.- Mike",@Tesco Hopefully they will have it sorted by the weekend when i do the next shop. Have a good day 😊
tesco-579499,2,tesco-972387,972387,17.260702932248183,0.7009506786439902,no_customer_followup,[],Tesco. Every bit unhelpful. @Tesco 2135hrs and made to self serve as tills closed. Again. Not even customer service !!,@customer Hi <name_redacted>. Could you let me which store you visited? I'd like to have this looked into. Thanks,
tesco-579499,3,tesco-927692,927692,15.500812457643043,0.6864234046505105,positive_followup_proxy,"[""private_channel_request"", ""personal_data_request"", ""over_public_length_limit""]",@Tesco think you might need to check your dates better than this. Isn’t it the 21st today? Didn’t realise till I got home. Lovely <media_or_link>,"@customer Hi <name_redacted>, I'm sorry to see that your bread is a couple of days out of date this isn't the quality we aim to achieve for our customers. 1/3 @customer Can you confirm the store of purchase so that I can call the store to have these shelves double checked, I would also like to refund you 2/3 @customer Can you DM me the following details. your name, address, barcode and a full picture of your receipt? Thank you - Brooke 3/3",@Tesco Hi <name_redacted>. Just dm’d. Thanks
tesco-2812976,1,tesco-1079263,1079263,23.23322833268604,0.6581593536658836,no_customer_followup,[],@Tesco signed up for delivery saver free trial and was still charged for delivery at checkout on first order??,"@customer Hi <name_redacted>, the price should disappear once you've gone through the checkout. :)",
tesco-2812976,2,tesco-2006888,2006888,27.684354112626576,0.64,private_handoff_without_outcome,"[""private_channel_request"", ""personal_data_request""]",@Tesco I've signed up for the delivery saver but it's still saying I've to pay for delivery?,"@customer Hi <name_redacted>, I'm sorry to learn this. Can you DM me your full name, address and email? I'd be happy to look into this. Thanks",
tesco-2812976,3,tesco-1714371,1714371,20.493178260312547,0.5770001165673557,no_customer_followup,[],"@Tesco we've just signed up to delivery saver trial, when I go to choose delivery it still shows £6 how do I apply the free delivery?","@customer Hi <name_redacted>, thanks for getting in touch, it will show the price of the slot until you have checked out your order. 1/2 @customer The delivery charge will then be taking off if you have spent more than £40.00. Kindest regards- Hannah. 2/2",
tesco-539286,1,tesco-1595396,1595396,22.617476862489116,1.0,positive_followup_proxy,[],Thank you Jim @customer Surplus collection volunteer @Tesco @customer <media_or_link>,@customer Great to see it not going to waste 👍 #EveryLittleHelps,@Tesco It does help !! Thank you @customer #zerowaste
tesco-539286,2,tesco-1786935,1786940,18.27849806102863,0.8426896758277025,positive_followup_proxy,[],@customer @Tesco @AldiUK ....and Aldi sell food that doesn’t stay fresh!!,"@customer Hi <name_redacted>, if you haven't already, you should try getting a Clubcard with us, there are a lot of perks you mightn't have known about",@Tesco Had one for years thanks
tesco-539286,3,tesco-1572444,1572452,16.968125061321416,0.7951819071100534,positive_followup_proxy,[],@Tesco Ok cool. Thank you for doing that. Let’s hope that something will be done. 👍,"@customer You're welcome Neil, we appreciate your feedback to help us make improvements in future. Have a nice day, Leah.",@Tesco Thanks Leah. You too.
tesco-492486,1,tesco-1847298,1847298,19.141586434812353,0.82,unclassified_followup,[],@Tesco can you get people to price stuff right? Just paid twice the price for something that actually expires today &amp; wont be able to use. 🙄,"@customer Hi <name_redacted>, can you tell us which store you visited and what you bought please? A photo of the receipt and barcode would be good. 1/2 @customer Stores can sell up to the expiry date. We always recommend customers check these before buying. Ian 2/2",@Tesco Yeah I know but what I bought was reduced but they stuck it under the sleeve so I didn't see it &amp; paid full price.
tesco-492486,2,tesco-863404,863404,18.486655944403033,0.7919436524258545,unclassified_followup,[],"Pies are the best man-made food, infact pies are so good I believe that they were created by a pie God.",@customer So true! Are you any good at making your own? #EveryLittleHelps <media_or_link>,"@Tesco Sadly I'm a terrible cook but I appreciate your concern || @Tesco Instead of self-promotion, can you please answer customer service requests? #badcustomerservice"
tesco-492486,3,tesco-1211333,1211333,14.04556814498488,0.7816933820041811,positive_followup_proxy,[],@Tesco Will i be able to pick up a game released friday at midnight tomorrow in a 24 hr store?,"@customer Hi <name_redacted>, I will be more than happy to look into this for you. Can you please let me know which store it is and the game? Thanks",@Tesco I'd like to pick up Super Mario Odyssey at midnight from Tesco Basildon Mayflower retail park or Pitsea :) thanks
tesco-2956338,1,tesco-397824,397824,17.528330406473877,0.8262446947036182,positive_followup_proxy,[],@Tesco I’ve order click and collect via your direct website but need a friend to collect for me as store is nearer the not me. Conf email says it must be me - if I forward them a copy of my conf email can they collect on my behalf pls? 🙏,"@customer Hi <name_redacted>, Thanks for taking the time to contact us. Sadly my Tesco Direct colleagues have finished for the evening. One of my colleagues will be in touch tomorrow to help resolve this for you. TY",@Tesco Thanks
tesco-2956338,2,tesco-2446618,2446618,17.898817529374792,0.789904029738876,positive_followup_proxy,"[""over_public_length_limit""]",@Tesco can you clarify click and collect I understand this as ready to collect next day not from the next day until whenever. still waiting for reply from CS 3 days later <media_or_link>,"@customer Hi <name_redacted>, If you order by 5pm (Sunday - Friday) you can collect in store after 3pm the next day (excluding bank holidays), or on your chosen day. 1/3 @customer If you order by 5pm on a Saturday, you can collect after 3pm on Monday (excluding bank holidays). Note, timings from approved Tesco Partners may vary. 2/3 @customer Please note that some items delivered directly from our suppliers will have an earlier order cut off time of 3pm - this will be displayed on the product details page and at checkout. - Ceri 3/3","@Tesco Thanks for confirming. This means you failed to deliver next day. Ordered 12.16 on 9th nov and wasn’t ready until 12 noon on the 11th. This meant I wasn’t in town when it arrived. My gf went to collect and they were rude and wouldn’t let her take it despite all our efforts. 1/2 || @Tesco She has my order confirmation, photos of my passport and drivers license and the ability to call the number listed on the order. Which they refused to do. But we’re very willing to instantly process a return on my girlfriends request. If she can return it, how can she not take it"
tesco-2956338,3,tesco-1504081,1504081,16.135079843567972,0.7748775214594268,positive_followup_proxy,[],"@Tesco Hi guys, is it free to cancel a click and collect order? Thanks! :)","@customer Hi <name_redacted>, as long as the order is cancelled before it's charged for on the day yes it is :) Charlotte","@Tesco Great, thanks Charlotte!"
tesco-86447,1,tesco-1096088,1096083,13.367122893933482,0.7711401039865711,positive_followup_proxy,[],"@Tesco I'm sure that's true Joanne, but how much of the plastic is recyclable?","@customer Hi <name_redacted>, We've been tracking the amount of packaging we use by looking at the average weight of packaging per unit sold. 1/2 @customer Since 2007 we've reduced packaging by 37% on loose and packaged food. TY - Joanne 2/2",@Tesco Great but not my question. How much of your packaging plastic is recyclable? How much of what your drivers/stores recover is recycled?
tesco-86447,2,tesco-1096091,1096083,12.141154129283738,0.7169235527683397,positive_followup_proxy,[],@Tesco Great but not my question. How much of your packaging plastic is recyclable? How much of what your drivers/stores recover is recycled?,"@customer Hi <name_redacted>, I will look into this query for you.","@Tesco Thank you, Alisha."
tesco-86447,3,tesco-2603320,2603320,10.382597544768178,0.6391541381766186,positive_followup_proxy,[],@Tesco hi we've got an old savings card with £6 on it - can we still use it? <media_or_link>,"@customer Hi there, can you please advise which store you would be visiting? I will give them a call on your behalf to check if they will still accept these. Thanks",@Tesco Hi <name_redacted> it would be Ilkeston (or Long Eaton) Derbyshire - thank you
tesco-2831178,1,tesco-2220476,2220476,13.969101567590712,0.8581533185391199,positive_followup_proxy,[],@Tesco Why are the jaffa cakes kept in the biscuit aisle in your stores? Surly because they go hard when they go off they should be with the cakes?,"@customer Hi <name_redacted>, due to the size and dimensions of the tangy orange treat customers feel this belongs in the biscuit aisle and has been this way for many generations. #McVities Thanks",@Tesco Thanks for your explanations this has cleared things up 👍🏻
tesco-2831178,2,tesco-1928393,1928393,16.890963993363705,0.7899999999999999,no_customer_followup,[],@Tesco why oh why are you not stocking the green Jaffa cakes.,"@customer Hi there, I'm really sorry to see this. can I ask if you know the exact name of the product? As I'm finding it difficult to find. TY",
tesco-2831178,3,tesco-1391510,1391511,12.061704575217053,0.7655555523985429,positive_followup_proxy,[],@Tesco Yes of course. I regularly shop in Tesco and most staff are helpful and friendly but had a rubbish experience today,"@customer Hello <name_redacted>, I am sorry for miserable experience in the store.I have spoken to duty manager Allan. 1/2 @customer He will encourage colleagues to be more engaging with customers. TY - Eve 2/2",@Tesco Thank you very much for your quick response
tesco-2861188,1,tesco-1926732,1926733,13.169829689176696,0.7899999999999999,no_customer_followup,[],@Tesco BTW it's the free flow frozen 20% fat beef mince,"@customer Hi there, Can I still get your full name(with title), address, email address, price paid and which store you got it from? 1/2 @customer Sadly, as you don't have the packaging I can't feed this back to our suppliers but I can still fully refund you:) Thanks, Calum",
tesco-2861188,2,tesco-2572846,2572846,12.522797282824548,0.7797134825786854,unclassified_followup,[],Thank you so much @Tesco for the fly in my bag of potatoes. Just what I wanted for my dinner tonight. Disgusting #healthandsefty #hygiene <media_or_link>,"@customer Hi <name_redacted>, I am really sorry but the picture looks like the fly has landed on top of the packaging, can you please send me another to confirm that it is inside the bag? Thanks Megan","@Tesco Hi <name_redacted>. It was definitely inside, package fully sealed, had literally just got it out my shopping bag. <media_or_link>"
tesco-2861188,3,tesco-1393543,1393543,11.89471808447128,0.770607058668516,positive_followup_proxy,"[""private_channel_request"", ""personal_data_request"", ""over_public_length_limit""]",Was looking forward to a nice hot dog until I found a fly inside the packaging of my @Tesco white finger roles. Any comments? <media_or_link>,"@customer Hi there, so sorry there was a fly in your finger rolls. Can you return the item with the fly to the store to fill out a form? 1/3 @customer Can you DM us your full name, address and postcode so we can long this on our system? 2/3 @customer We will also need the barcode, SC code, batch code, the price and the store you purchased it from - Jay 3/3","@Tesco It’s okay, enough money was spent in the first place so we won’t be driving back to the Llanelli based store. Thanks for your help."
tesco-104179,1,tesco-2469591,2469591,7.907431186562599,0.7413504367344295,positive_followup_proxy,[],@tesco I’d like to make a complaint about your social media team and how they choose to converse with your potential customers. I’d like to suggest sarcasm is not be fitting a global organisation <media_or_link>,"@customer Hi there, I'm really sorry for any confusion caused. This page is a fake account and is not affiliated with Tesco. Thank you for making us aware of this we will get this page reported.",@Tesco 😂😂😂 fair play. My bad thanks for the response. Hooked by a parody account 🤦‍♂️ 😊
tesco-104179,2,tesco-752332,752332,9.981842258345193,0.7086133763210207,unclassified_followup,[],"@Tesco No Bratwurst in Oktober? That's the worst, I mean würst! <media_or_link>",@customer This is strange David! We do have them on sale. :) <media_or_link>,@Tesco Not at 2030 on Monday
tesco-104179,3,tesco-1622570,1622570,7.261426509696413,0.6954904097628944,positive_followup_proxy,[],.@customer @tesco #WhatwouldJacksay ? I think he’d of said #KolHakavod &amp; #Shakoyach to the protesters and Cancel the #PSC now! <media_or_link>,"@customer Hi there, We do not allow political campaign groups or campaigning in our community rooms. 1/2 @customer This booking was made in error and has now been cancelled. We apologise for any confusion caused. Thanks - Ashley 2/2",@Tesco @Tesco Ashley Thank you very much. Your support against hate is appreciated by all. || @Tesco @customer No more tesco shopping for me 😉👍
tesco-499299,1,tesco-982944,982944,15.578464515778819,0.8996190542189193,positive_followup_proxy,[],Oooooh 😋 @Tesco can't wait to pick up one of these this year 👌🏻 first milk free advent calendar! <media_or_link>,"@customer Hi <name_redacted>, I hope you enjoy it :)",@Tesco Thank you! 😊
tesco-499299,2,tesco-2171334,2171334,14.512987802789274,0.8504012803030612,positive_followup_proxy,[],@Tesco saw you were selling dairy free advent calendars this year. All sold out already. Please stock more for us #vegans that don't want to eat dairy pus,"@customer Hi <name_redacted>, what store/s were you looking to buy this product? I can check with the store and ask when they're expecting more. TY",@Tesco Nn4 Northampton. Thank you
tesco-499299,3,tesco-1980364,1980364,17.75153232539682,0.82,unclassified_followup,[],@Tesco can you tell me which stores in Leeds will have the Kellogg’s advent calendar in stock?,"@customer Hi <name_redacted>, I've had a look in all the Extra's and I can't locate any at all it seems that they've all gone. 1/2 @customer There is also no date for another delivery. if there are any further stores you'd like me to check I'd be happy to do so. TY - Lee 2/2",@Tesco Oh that’s a shame :( I live in Leeds so can’t really go further out!
tesco-10564,1,tesco-22224,22224,22.246268119228215,0.82,unclassified_followup,[],@Tesco what is up with the new Christmas POS. Everyone welcome? Where is the Christmas in that. <media_or_link>,@customer I do understand Adam. Can you please advise which store you saw this in? Thanks,@Tesco @customer don't want to offend no christmas believers do they.
tesco-10564,2,tesco-975367,975367,15.191470351923998,0.7399593433745706,positive_followup_proxy,[],"I love Christmas &amp; I love crisps but for the love of God @Tesco these are all the wrongs. Pudding with your dinner, no, no, no! <media_or_link>","@customer Hi <name_redacted>, you should give them a go! You never know you might end up enjoying them :P.",@Tesco Never! || @Tesco But thanks for the reply
tesco-10564,3,tesco-2455618,2455618,13.741900469733254,0.6365280308943879,positive_followup_proxy,"[""over_public_length_limit""]",@Tesco any chance you have a link to the Merry Christmas everyone cover in the new Christmas advert? :),"@customer Hi there, I'm not certain of the artist covering Shaking Steven's Merry Christmas Everyone. I've passed your question to my support team to find out for you. :) TY @customer Hi there, the singer is an independent artists who at this moment would prefer to remain anonymous while she works on her own material. If you have any other queries please don't hesitate to get in touch :) Thanks, Lawrence","@Tesco Boo, well thanks for getting back to me."
tesco-470977,1,tesco-1617753,1617753,10.404757139661756,0.7438187820594286,positive_followup_proxy,[],"@Tesco. Just bought some of your own brand tea - the one in the red packaging! I must say, it is delicious!","@customer Hi <name_redacted>, good to hear you enjoyed our tea :) Was there anything in particular you enjoyed about it? I'd like to log your feedback :) TY","@Tesco The flavour was comparable with more expensive brands - Twinings, I'm looking at you! Great value and great taste!"
tesco-470977,2,tesco-957323,957323,10.139523871855275,0.729446173837152,positive_followup_proxy,[],Okay @Tesco I see you bringing out your own lactose free range 👏🏻👏🏻👏🏻 now when can I get ice cream??,"@customer Hi <name_redacted>, would you be referring to something similar to this:<media_or_link> TY","@Tesco Thank you for trying but I'm talking about dairy icecream that's lactose free, not the free from ones. I know you have a good range of that!"
tesco-470977,3,tesco-809688,809688,8.627564918943015,0.6475152989582647,positive_followup_proxy,[],"@Tesco what have you done to your 'All Garlic Ciabatta?' Smells and tastes like marg-yuck. Please use proper salted butter, not unsalted!",@customer Hi <name_redacted>. That doesn't sound very good. I'm looking into what the reason was for the recipe change. Will be back soon with an update,@Tesco Thanks 👍
tesco-2948974,1,tesco-877552,877561,14.790714244066095,0.82,unclassified_followup,[],@Tesco No joy,"@customer Thank you for getting back in touch, and I hope you see this in place soon! Regards - Isaac 2/2",@Tesco Any update?
tesco-2948974,2,tesco-960322,960322,11.053793982538277,0.7928244326887612,positive_followup_proxy,[],"@Tesco Your Groceries app has stopped working on my iPad. Have turned iPad off &amp; on, uninstalled &amp; reinstalled app. Still no joy. Any ideas?","@customer Hi <name_redacted>, sorry for the late reply. Have you had any error messages? If so, what are they please?",@Tesco Don’t worry Danny. Seems to be working now after several days. Thanks for your suggestion.
tesco-2948974,3,tesco-2494173,2494173,11.773012043590075,0.782698018259457,positive_followup_proxy,"[""over_public_length_limit""]",@Tesco Is it no longer possible to 'search with a list of items' on your updated grocery site? That function was so useful and it seems to have gone!,"@customer Hi there, unfortunately this function is not yet available with our new website. You can go to the 'My Favourites' tab which will give you the option to view your shopping lists and favourites. 1/2 @customer We do appreciate your feedback. I can have this fully logged for you and passed on to our technical teams if you wish? Please let me know. Thanks - Murray 2/2","@Tesco Thanks Murray. It'd be great to have it back, it takes twice as long to shop without it 😩"
tesco-580199,1,tesco-992960,992960,12.380967550832311,0.843089016312599,positive_followup_proxy,[],Today is Christmas cake baking day 🙆‍♀️ #christmascake #lotsofbrandy,@customer Sounds productive! Got your recipes yet? #EveryLittleHelps <media_or_link>,"@Tesco I do, but I'll check these out as well, thank you 👌"
tesco-580199,2,tesco-782881,782895,15.31075487894429,0.82,unclassified_followup,[],"@Tesco Hi <name_redacted>, don’t you think it would be better to create a biodegradable carrier bag so that you don’t have to recycle anything?","@customer Hi <name_redacted> this does sound like a great idea, would you like me to log your feedback on to our system for further review? Thank you","@Tesco Yes please, do you get feedback if it’s logged?"
tesco-580199,3,tesco-946848,946848,9.36197352836233,0.6814003786197669,positive_followup_proxy,[],Not happy with @Tesco this morning. I think you need to invest in better vans that don’t break down so often. Not a great delivery service!,@customer I'm so sorry that one of our vans broke down. Has alternative arrangements been made for your order to get to you?,@Tesco We ended up having to collect it from store ourselves. Thank you for your reply
tesco-2902767,1,tesco-971916,971919,17.890864737433297,1.0,positive_followup_proxy,[],"@Tesco Hi, looking to go to Aberdare store tomorrow. Thanks.","@customer Hi there, it loos like the Travel desk in our Aberdare Superstore is open between 10:30 and 4 today. Thanks",@Tesco Thank you
tesco-2902767,2,tesco-1213576,1213577,11.871709926099992,0.7241213872146568,positive_followup_proxy,[],"@Tesco I recently tried your ""Creama Chili and Garlic Sausage Pasta"" - it's delicious and I'll make it again this week! <media_or_link>",@customer We're really pleased you enjoyed it🙌 Here's another spicy recipe we think you'll like🍝🌶 #EveryLittleHelps <media_or_link>,@Tesco Thank you for the suggestion - this looks yummy as well👍👍
tesco-2902767,3,tesco-2323935,2323937,9.45270998757935,0.6132502818378074,positive_followup_proxy,[],"@Tesco Not looking for a refund, more a plea to make improvements such is the gap in quality.",@customer Thank you for coming back to me Scott. Can you let me know the store you visit? I will be happy to pass over your comments. TY,@Tesco Sidcup Thanks
tesco-91710,1,tesco-1971696,1971698,16.373788087423634,0.7899999999999999,no_customer_followup,[],@Tesco It was literally every product I tried. Seemed to stop doing it once I had booked a slot though!,"@customer Hi <name_redacted>, thank you for getting back to us, I am glad you were able to place an order. Please let us know if we can help with anything else.",
tesco-91710,2,tesco-1218494,1218495,9.817590817491102,0.6716653634064109,positive_followup_proxy,[],@Tesco He usually has just the Tesco Everyday Value in tomato sauce. He has three tins a week. They keep his coat shiny!,"@customer Hi <name_redacted>, sorry again that you couldn't find any sardines. I have passed this back to my support team to have it looked into!",@Tesco Thank you - my dog will be much obliged!
tesco-91710,3,tesco-398482,398482,13.606094187634026,0.6513937724300559,no_customer_followup,[],@Tesco every single time <media_or_link>,"@customer Hi <name_redacted>, Very sorry to see that the seal has been broken on your soup. Would you like me to feed this back to the supplier? Kind Regards",
tesco-538156,1,tesco-2628208,2628208,23.503219257132283,0.8499999999999998,positive_followup_proxy,"[""private_channel_request"", ""personal_data_request"", ""over_public_length_limit""]",@Tesco didn’t realise you actually meant 4 cheese 😂😂 #illaddmyown <media_or_link>,"@customer Hi <name_redacted>, thanks for contacting us. I'm really sorry about the lack of cheese on your flatbread, I can understand your concerns. I would like to refund you for the item and also feed this back to our suppliers. 1/2 @customer So I can do this can you please DM me your full name, address, email, barcode, supplier code and date code? Can I pass over details to the supplier? Lastly would you prefer a refund via Post or Email? Thanks",@Tesco Haha very kind but don’t worry thanks 😂 just more cheese in future please 😂
tesco-538156,2,tesco-46620,46620,18.74542351156458,0.8340060368461397,positive_followup_proxy,[],So excited to make my vegan mac n cheese later 🧀🧀🧀,@customer Perfect dish for #WorldVeganDay Here's a recipe you could try #EveryLittleHelps <media_or_link>,@Tesco Amazing thank you!💛
tesco-538156,3,tesco-2559134,2559134,18.10394339014741,0.8116255410592719,positive_followup_proxy,[],"I found out in May that I can no longer eat wheat, gluten, dairy or egg. Just found these in @Tesco Taking the guess work out of a quick, comforting meal! #ThankYou! <media_or_link>","@customer Hi <name_redacted>, we are really glad you like our Free From Tikka Masala. Please have a lovely evening. Thanks",@Tesco I honestly thought that finding something free from all four ingredients would be next to impossible! Very glad to be proved wrong! 😄 Thanks Mark.
tesco-2850028,1,tesco-1287714,1287718,19.962665944156463,0.5899999999999999,private_handoff_without_outcome,"[""private_channel_request"", ""personal_data_request"", ""over_public_length_limit""]",@customer @Tesco Every single slice of bread has this black stuff inside it.,"@customer I'm sorry to see the bread you purchased was not of the quality you would expect Haris. I understand how concerning this must be. 1/4 <media_or_link> @customer I would like to issue a refund for you and pass your comments to our supplier. Can you DM some information? 2/4 @customer Your full name, address, barcode, price paid, date code, store visited and clear copy of your receipt? 3/4 @customer Also would it be ok to pass your details to our supplier? TY - Jayne 4/4",@Tesco Yes it would be fine to pass the details on to the supplier I will dm you the details now.
tesco-2850028,2,tesco-398482,398482,13.606094187634026,0.528893149094939,no_customer_followup,[],@Tesco every single time <media_or_link>,"@customer Hi <name_redacted>, Very sorry to see that the seal has been broken on your soup. Would you like me to feed this back to the supplier? Kind Regards",
tesco-2850028,3,tesco-1435901,1435903,12.68590452453026,0.521094814651239,unclassified_followup,[],@Tesco But a baguette IS a loaf of bread. It doesn’t have to be square to be a loaf.,"@customer Hi <name_redacted>, I'm sorry baguettes are not included to redeem this coupon. TY",@Tesco The coupon says loaf. A baguette IS a loaf. Why the anti-French stance?
tesco-2825173,1,tesco-1221079,1221087,16.768546471344486,0.7611288239185826,unclassified_followup,[],"@Tesco NO IT DOESNT-what an idiot!! I live over 90 minutes away from stourport,am housebound &amp; petrol outweighs the milk price","@customer Hi <name_redacted>, if you speak to your customer service desk they may be able to order some in for you :).",@Tesco Why should I be even more inconvenience because the inconsiderate manager &amp; selfish Tesco’s. Put it back on the shelves
tesco-2825173,2,tesco-1074412,1074412,16.766604294990803,0.7610406680127355,unclassified_followup,[],@Tesco any reason why your petrol pumps pre set £££ doesn't work?? Absolute joke!,"@customer Hi <name_redacted>, I'm sorry to hear one of our petrol pumps are faulty! Can you tell me which store this was?","@Tesco The station on A470, Cardiff. I selected to pre set £30 and I get charged £30.13 ?? Didn't realise there was a 'handling fee'"
tesco-2825173,3,tesco-1864333,1864333,18.065546428410293,0.7399999999999999,no_customer_followup,"[""over_public_length_limit""]",@Tesco please fix the out of order petrol pumps...it’s been at least two weeks #hatfield,"@customer Hi there, I have had some difficulties getting through to the store to run your enquiry past them! 1/2 @customer As soon as I get them I will get back to you! TY, Mike 2/2 @customer Hi there, I have called the store and confirm that the petrol pump will be up and running within the next few days! :) Thanks, Mike.",
tesco-2951559,1,tesco-1972977,1972977,18.85673715700822,1.0,positive_followup_proxy,[],"Bought an @customer toothbrush for my daughter from @Tesco for £35;next day it's £15, thanks for the heads up 🙁","@customer HI Paul, what I can suggest is if you can return to store with your receipt for a refund and then purchase the product again at £15. James.","@Tesco Thanks, but it's already been used"
tesco-2951559,2,tesco-2533326,2533326,13.982406468612798,0.788035908269594,positive_followup_proxy,[],@Tesco my 11 year old daughter was inspired by the Halloween cake in your magazine and made her own <media_or_link>,@customer It's amazing! We love it! Will your daughter be making any more Halloween treats?,@Tesco Thank you I’ll pass that on. No more treats for now back to school 😀
tesco-2951559,3,tesco-1063919,1063919,16.56806445438348,0.7504752730800622,positive_followup_proxy,"[""private_channel_request"", ""personal_data_request"", ""over_public_length_limit""]",@Tesco This is your Free from bread. This is the second loaf to do this. Our 9 year old wasn't very impressed with her sandwich! <media_or_link>,"@customer Hi <name_redacted> Dresserman, I am very sorry about this. I'd like to feed this back to our supplier. 1/4 @customer Please could we have a picture of the date code and SC code that is usually near the Tesco address? 2/4 @customer Please could you DM us with your name, address, email address, the store you purchased them from and price paid? 3/4 @customer Are you happy for us to attach your details to the report we send to our supplier - Allyn 4/4","@Tesco Thank you for the reply, I will DM you all the details now."
tesco-2852985,1,tesco-2162791,2162791,17.313959706664235,0.7635142399682124,no_customer_followup,[],@Tesco are the self service checkouts also supposed to be self cleaning? <media_or_link>,@customer Hi there. What store did you see this in? I'll call the store and ask them to give them a clean. TY- Charlotte,
tesco-2852985,2,tesco-2104614,2104614,17.891861600408596,0.69,private_handoff_without_outcome,"[""private_channel_request""]","@Tesco your new software on self service tills is terrible. Locks up scanning small club card,slow to scan barcodes etc",@customer I'm really sorry for the inconvenience caused JP. Can you send me a DM to tell me more about the changes you don't like? I'll pass it on :) <media_or_link>,@Tesco Just what I said in the tweet. Seems like it wasn't properly tested.
tesco-2852985,3,tesco-1388110,1388110,14.848048792097334,0.6804993399480445,unclassified_followup,[],Why are @Tesco still giving these out from self service checkouts <media_or_link>,"@customer Hi there. I'm very sorry about that. Can you let me know what store you received this from? 1/2 @customer If it helps, you are able to use these round pounds in our store until the 22nd of October. TY- Charlotte 2/2",@Tesco Invernesss golden mile retail park
tesco-591623,1,tesco-1739151,1739152,17.61547018127021,0.82,unclassified_followup,[],"@Tesco Watching A Muppet Christmas Carol, drinking baileys and wrapping presents 🎁😍",@customer A tradition of yours? ☺️This countdown checklist should help up excitement levels ✅ #EveryLittleHelps <media_or_link> <media_or_link>,@Tesco Oh yes my fave tradition! Aargh that check list has got me all giddy 😝
tesco-591623,2,tesco-1228782,1228808,11.666784613306962,0.7230887330548603,positive_followup_proxy,[],@Tesco I'm bread over heels in love with Sainsburys now. You will have to show me some serious bread love to get my custom back now,"@customer HI Eddie, I'm sure we could stretch to a flour shower. It's the yeast we could do! TY","@Tesco Thanks for the Cholla back Martin. Pitta I've already found some new breadrin to hang out with. Can you throw in a Flan nel? || @Tesco Hi guys. Just to let you know there is a full compliment of bread at the store today. Good job! || @Tesco I like to think that I played a part in preventing you from going out of business because of it. You can send me some bread if you like👍 || @Tesco I mean, I don't want to blow my own crumpet here but.......i'm a pretty good bread ambassador. I'm like kofee a naan."
tesco-591623,3,tesco-2487628,2487628,11.591265534803208,0.7195733205375763,positive_followup_proxy,[],Although I'm sure daddy will love his #dachshund socks from @Tesco #NewtonAbbot I do wish they did more boyish ones! #sausagedog #doxie #newsocks <media_or_link>,@customer You're very adorable Alfie and generous buying daddy some socks 😇 I can certainly feed your suggestion back about getting more types! If you're looking for a gift for mummy...we've got just the thing 🤩 <media_or_link> <media_or_link>,@Tesco Thank you! I don't have a mummy; I have two daddies :-) they'll like the jumper anyway so I will see if my TV acting wages can stretch to getting them matching ones!
tesco-569680,1,tesco-1435060,1435060,16.270822995002412,0.746330329902369,no_customer_followup,[],Do you any Leftover pumpkin? @Tesco have the perfect recipe...#EatWell #LiveWell <media_or_link>,"@customer Hi there, which store would you like us to check for you? TY",
tesco-569680,2,tesco-48564,48564,15.61282347811118,0.7449351766159822,unclassified_followup,[],This chunky #minestrone soup with #gnocchi recipe is the perfect #Winter warmer @Tesco <media_or_link> <media_or_link>,@customer Thanks for sharing! It's perfect now the temperature is dropping ☃ Any other favourite warming recipes?,"@Tesco Ooo toad in the hole with onion gravy, classic Shepherd's Pie, Sunday roast with proper Yorkshire puds. It goes on &amp; on! What about you?"
tesco-569680,3,tesco-398530,398530,13.583542925661451,0.7281120447294366,positive_followup_proxy,"[""private_channel_request"", ""over_public_length_limit""]",@Tesco can someone please tell me why there is a slug in my cauliflower... gross 🧐🤢 <media_or_link>,"@customer Hi <name_redacted>, I'm sorry to see that there is a slug in your cauliflower and can imagine how off-putting this must be. We encourage our suppliers to use minimal pesticides but this should have been removed during the cleaning process. 1/3 @customer I'd like to report this to our supplier and reimburse the cauliflower for you via a Moneycard. Could you please DM the barcode, supplier code, date code, batch code, price, which store it’s from, your name, address &amp; email? 2/3 <media_or_link> @customer Would you prefer the refund by post or email? Lastly, can I also ask for your permission to forward your details to our supplier? They might wish to contact you. TY, Andrea 3/3",@Tesco Email thanks! And yeah that’s fine
tesco-83761,1,tesco-2529554,2529554,15.443507880757807,0.9146186180778608,positive_followup_proxy,[],@Tesco is your everyday value gravy vegetarian please ? It doesn't say on the container,"@customer Sorry Hazel they are not vegetarian, we do sell Tesco Vegetable Gravy Granules and Tesco Onion Gravy Granules",@Tesco Thank you
tesco-83761,2,tesco-2348095,2348095,14.309399756148089,0.8606712280363966,positive_followup_proxy,[],@Tesco check out this sharp piece of plastic in my soup! #Dangerous #Recall <media_or_link>,"@customer Hi <name_redacted>, I'm so sorry you found this in your soup. Can you check the seal on the tub &amp; lid is still attached? As the piece of plastic looks like it's part of the seal.","@Tesco Thanks for replying. However, this is a completely different plastic. It's solid grey not transparent. See pic <media_or_link>"
tesco-83761,3,tesco-1208040,1208040,12.564072054001919,0.7776492724973219,positive_followup_proxy,[],@Tesco please can you tell me if you have had your everyday value porridge oats tested for ochratoxin A (OTA) and what the levels are?,"@customer Hi <name_redacted> :) Leave this with me, I'll happily contact you back as soon as I have some further information",@Tesco Thank you!
tesco-2935496,1,tesco-32470,32479,21.30329456259727,0.7422837490192864,positive_followup_proxy,[],"@Tesco Hi <name_redacted>, ok thanks for the update - will you let me know when it has been resolved so I can finish my shopping? Thanks","@customer Hi there, I'm afraid we will be unable to notify you to when the fixes have been implemented.","@Tesco Ok, if I ask now can you let me know if it has been fixed?"
tesco-2935496,2,tesco-1446569,1446576,21.036509703841112,0.7352421719466786,positive_followup_proxy,[],@customer @tesco Hello <name_redacted> team - the fan has not been fixed and is still making an awful noise. Have Tesco been officially notified and if so are they planning to do something about it? thanks,"@customer We have been now! I'm on the case and I'll get this passed onto the store. Thanks for letting us know, Huw. TY",@Tesco thanks
tesco-2935496,3,tesco-2585909,2585909,21.65077139036822,0.7014551273167735,positive_followup_proxy,"[""personal_data_request""]","@customer @Tesco #New, In date loaf, full of #mould, due to failed #Packaging. #disappointing and #UNACCEPTABLE @Tesco Order no: <number_redacted> <media_or_link>","@customer @customer Hi there, I am sorry your bread is mouldy and I can appreciate this must be very concerning. Can you please send your full name, address and email? I can get it refunded for you. TY","@Tesco @customer Thanks Chris. Already sorted, wife (furious) called support, obtained refund. Great to see @tesco supporting their customers for @customer error. Apparently, basic packaging and QC is beyond the #genius @customer"
tesco-2880958,1,tesco-1386259,1386259,30.266770110308517,0.82,unclassified_followup,[],@Tesco how is this possible? Less volume but the same amount of washes? Also same price? <media_or_link>,"@customer All of our Fabric Conditioners have been concentrated more, meaning the unit dose has decreased but the washes remains the same. 1/2 @customer I hope this helps (: -Rocsi 2/2",@Tesco You should really put on the packaging that the product has changed
tesco-2880958,2,tesco-932371,932372,12.507753954819398,0.5188653036175375,positive_followup_proxy,[],@Tesco Bearing in mind that there are same amount of sheets on roll,"@customer Hi <name_redacted>, I'll look into this for you and get back in touch with you when possible. TY",@Tesco Thanks Paige
tesco-2880958,3,tesco-54512,54515,10.501427644074617,0.4645090717231278,positive_followup_proxy,[],@Tesco Thank you @Tesco - just seems odd that changing packaging would alter the nutritional content of the pasta. Look forward to hearing from you,"@customer Hi <name_redacted>, the new design shows cooked nutrition and not uncooked. Hope this clears this up for you :). Regards","@Tesco Hi <name_redacted>, thanks for getting back to me :)"
tesco-477170,1,tesco-981296,981303,21.091743444310374,0.9391680063184618,positive_followup_proxy,[],@Tesco Thank you!! I’m glad to hear this as so disappointed to see so much food go to waste !,"@customer Not a problem Rhi, if there's anything else we can help you with, please don't hesitate to get in touch. Thanks",@Tesco Thank you!
tesco-477170,2,tesco-1069033,1069028,19.537902232638125,0.8832396503759901,positive_followup_proxy,[],"@Tesco Hi <name_redacted>, thanks, not keen to dm these details thanks, let me know an appropriate email address I can forward my feedback too? Thanks","@customer Hi <name_redacted>, you can email us at __email__ - Dani :)",@Tesco Thanks will do!
tesco-477170,3,tesco-930824,930836,17.43109491179457,0.807408047470096,positive_followup_proxy,[],@Tesco Oh fabulous!! So it will be available shortly?!? 😁,"@customer Hey <name_redacted>, you should have absolutely no problem ordering the bundle as normal tomorrow :) Thanks",@Tesco Hi I went on just now for a look and the game has changed to Mario which is great but I keep getting a error. 😞 <media_or_link>
tesco-83754,1,tesco-763595,763595,13.864069009451034,0.814537218143105,unclassified_followup,[],@Tesco I’m not sure every little of this helps 😳 <media_or_link>,@customer Oh no! Where did you spot this Vinny? Thanks,@Tesco It was Tesco Express on Long Lane in Borough. I handed it to staff so no damage was done
tesco-83754,2,tesco-1466188,1432614,13.655222426293786,0.7722671324454911,no_customer_followup,[],@customer @customer @Tesco Every little helps 😂🤣😂🤣,"@customer Hi <name_redacted>, thanks for replying with those details. I have now fed this back to the supplier to be looked into. 1/2 @customer If there's anything else I can help with, please don't hesitate to get back in touch. Thanks - Murray 2/2",
tesco-83754,3,tesco-1768325,1768325,12.349453865113517,0.7555510478214563,positive_followup_proxy,"[""private_channel_request"", ""personal_data_request"", ""over_public_length_limit""]",Hey @Tesco! This salad is a bit soggy and brown but still in date 😕 <media_or_link>,"@customer Hi <name_redacted>, sorry to see this! I'd like to log this feedback and refund you via Moneycard (either by post or email, your choice) 1/4 @customer Could you DM me your name, address/email address as well as the barcode and supplier code on the product packaging? 2/4 @customer Could you also take a picture of your receipt for me too? (showing the numbers at the bottom). 3/4 @customer Lastly, would it be okay to pass your details on to our supplier in case they wish to contact you? Thanks - Peter 4/4",@Tesco Thanks! Will get these details sent over later today. Might not have the receipt but can tell you when &amp; where I bought it!
tesco-139128,1,tesco-2269381,2269381,15.609271910409335,0.82,unclassified_followup,[],"Hi @Tesco can you tell me if you have stopped selling Sprite Zero at you shop in Rugby, they haven’t had any in the last 2 weeks #thanks","@customer Hi <name_redacted>, I'm just going to get this looked into for you. I'll be back in touch with you shortly. TY @customer Hi <name_redacted>, I'm really sorry but this product has been discontinued. :( Please let me know if there's anything else I can help with. TY","@Tesco That’s a shame, do you know why ?"
tesco-139128,2,tesco-730138,730138,10.765383427810086,0.7455365901414921,positive_followup_proxy,[],@Tesco - please help son has lost his monkey that you don't make anymore !! Can you source one ? Bought in 2012 <media_or_link>,"@customer Hi <name_redacted>, could you possibly send us the link to the image you've taken a screenshot of? That'll help to try an locate it. Thanks, Leah.",@Tesco <media_or_link> Thanks so much Leah and Tesco!
tesco-139128,3,tesco-1769287,1769287,14.254318905519428,0.718820417096534,no_customer_followup,[],@Tesco what happened to this cat litter? 😫😫 please don’t tell me you’ve stopped selling it? I can’t seem to get it anywhere! <media_or_link>,"@customer Hi <name_redacted>, I'll look into this and get back in touch when I have some more information. Kind regards @customer Hi <name_redacted>, we're currently having supplier issues. We'll get it back in store as soon as possible",
tesco-539279,1,tesco-2407400,2407400,11.732832709051932,0.7072754055842849,positive_followup_proxy,"[""personal_data_request""]","@Tesco first visit to Lakeside Cafe and met with a young S/member ""I'll work outback its better than serving customers!"" Not very good!","@customer Can you also please provide your name, address and email address so I can log your complaint internally? Thanks - Clare 3/3","@Tesco Hi <name_redacted>, can you confirm you received my DM's from the weekend? Re; Lakeside Cafe staff member? Thanks"
tesco-539279,2,tesco-763423,763423,16.666088193528424,0.69,private_handoff_without_outcome,"[""private_channel_request""]",@Tesco decided to run out of chocolate gateau today.. it’s the only normal craving I have. A pregnant woman has gateau needs! 😡😡,"@customer Hi <name_redacted>, Can you DM me your location and I can check local stores for you? Ty, Andy",
tesco-539279,3,tesco-992459,992461,10.111939881711525,0.6775247104610438,positive_followup_proxy,[],@Tesco I made th3 Savoy cake😁 <media_or_link>,@customer That's very impressive! How did you like the last episode of GBBO?,@Tesco Thank you 😊 I really enjoyed it but was sad to see @customer go I wanted him to win ❤️
tesco-514149,1,tesco-2084629,2084629,13.17430919077169,0.7321452952696834,positive_followup_proxy,[],Nice on @Tesco - You’ve turned the “late night” pumps off! Never again will I go out of my way to come here. 😤😤😡😡 <media_or_link>,"@customer Hi <name_redacted>, can you confirm which store this was so I can look into this? Kind regards",@Tesco Hi <name_redacted>. It’s the Heath Hayes store in Cannock. This isn’t the first time it’s happened either. Thanks for replying
tesco-514149,2,tesco-2265943,2265943,12.294290857855081,0.6952630591512738,positive_followup_proxy,[],"@Tesco Hi pls can you restock kinder eggs in the lancaster tesco express - i’m getting kinda sad about it many thanks, Jess x x x","@customer Hi , thanks for getting in touch, best thing to do would be to ask my colleagues in store for a customer request. They can then do that for you there and then. TY-Phil",@Tesco thank you !
tesco-514149,3,tesco-1207651,1207651,13.276414078078322,0.6864245885771374,positive_followup_proxy,"[""private_channel_request""]",So rude to see two ladies on their phone while serving at a checkout at @Tesco in Leeds city centre! Customer service at it's worst! #angry,@customer Hi Lauren; I'm sorry we let you down :( Please can you DM a description of my colleagues and the time you visited? 1/2 @customer I'll happily inform the Store Management Team so that they're made personally aware of your feelings and feedback - Mat 2/2 <media_or_link>,@Tesco Thanks. I'll send you a message now.
tesco-2886992,1,tesco-2621674,2621674,22.308346913454105,0.7899999999999998,no_customer_followup,[],@Tesco Why are you paying Christmas temp employees using cards that cost people time and money and not paying into their bank accounts?,"@customer Hi <name_redacted>, this is not true. We pay colleagues’ wages directly into their bank accounts. We would only consider paying colleagues via a Tuxedo card in exceptional circumstances. TY",
tesco-2886992,2,tesco-2620317,2620317,16.243519845491335,0.7770718639519554,positive_followup_proxy,[],"@Tesco are you really paying your temp #festive staff in prepaid cards that incur charges for direct debits, standing orders and cash withdrawals? I bet you don’t pay managers &amp; directors in this way! Unacceptable, you need to offer an alternative 💰 <media_or_link>","@customer Hi <name_redacted>, this is not true. We pay colleagues’ wages directly into their bank accounts. We would only consider paying colleagues via a Tuxedo card in exceptional circumstances. TY",@Tesco Thanks for clarifying @Tesco good to hear!
tesco-2886992,3,tesco-1125822,1125822,15.793290573164589,0.7605225425369617,positive_followup_proxy,[],Week off Work and I’m starting it by attempting to bake a pecan pie... most likely outcome: disaster,@customer Good luck - we're sure you'll do fine! Have you got your recipe yet? #EveryLittleHelps <media_or_link>,@Tesco Thank you! That’s the one im using!
tesco-2807471,1,tesco-1527834,1527834,16.25789375142963,0.7443471814806317,unclassified_followup,"[""personal_data_request""]",@Tesco can’t book a slot for home delivery? <media_or_link>,"@customer Hello <name_redacted>, I am sorry you can not book a slot, can you please try deleting your cache and cookies and try again? 1/2 @customer Can you also send your full name, address and email? I can log your feedback. TY - Chris 2/2","@Tesco How do I that? || @Tesco Katy MacPherson, Old Fire Station, Aberdeen, __email__"
tesco-2807471,2,tesco-1506151,1506151,11.456634942914636,0.7397616650285039,positive_followup_proxy,[],Thanks to @Tesco stores in Sheffield &amp; manager Lewis King who's organising all our food for our Christmas Dinner! Amazing! 🍗🍜🍞🍰🍪 <media_or_link>,"@customer So I can pass over your kind words, can you advise if the store is Sheffield Extra? TY",@Tesco We have been in touch with Lewis King at Infirmary Road who is arranging for all stores in Sheffield to contribute if they can. Thanks! #TCD17 🎄
tesco-2807471,3,tesco-1523382,1523382,14.604425887094976,0.7135601153462171,unclassified_followup,[],"@Tesco I have a delivery saver account, how do I reserve my Christmas slot?","@customer Hi <name_redacted>, if you're a delivery saver customer then you should have received an email from us on the 30/10/17. Did you not receive this?","@Tesco I've only just joined up this week, as it advertised if I was one by the 26th I would get an early slot I think?"
tesco-468994,1,tesco-32470,32479,29.660389686569232,1.0,positive_followup_proxy,[],"@Tesco Hi <name_redacted>, ok thanks for the update - will you let me know when it has been resolved so I can finish my shopping? Thanks","@customer Hi there, I'm afraid we will be unable to notify you to when the fixes have been implemented.","@Tesco Ok, if I ask now can you let me know if it has been fixed?"
tesco-468994,2,tesco-1531459,1531466,22.778301600347397,0.8097357354257115,positive_followup_proxy,[],"@Tesco Hi <name_redacted>, thats perfect I will pop in store either tomorrow or Friday to hopefully get my hands on the cut out 😃 thanks for your help!","@customer Hi <name_redacted>, no problem! As my colleague said they will need to hold on to it until the Fifa '18 promotion ends 1/2 @customer So while you may not be able to get your hands on it tomorrow/Friday it will have your name on it for when he needs a good home! TY",@Tesco Thats good enough for me 😃😃 thank you!! || @Tesco I gave my contact details but was never contacted... surely the FIFA promotion has ended im so upset 😭 #INeedRonaldo
tesco-468994,3,tesco-2207231,2207231,21.932861094371585,0.7863624344601452,positive_followup_proxy,[],"@Tesco literally went to collect my order, in my mums name (different surname) and I couldn’t pick it up due to not having the same name 🙄","@customer Hi there, I'm sorry you were unable to collect an order. Sadly my Tesco Direct colleagues have finished for the evening. One of my colleagues will be in touch later today to help resolve this for you. TY",@Tesco Thank you :)
tesco-2939796,1,tesco-1259749,1259749,17.867910142079918,0.7899999999999999,no_customer_followup,[],@Tesco was really looking forward to that sandwich aswell. Pity it nearly took my front tooth clean off. Is it even chicken ?? <media_or_link>,"@customer Hi <name_redacted>, I'm so sorry you had found a bone in your sandwich. I understand your concerns. 1/2 @customer Although every care has been taken to remove bones, some may remain. We do have this warning also on our website. - Rocsi 2/2",
tesco-2939796,2,tesco-1151202,1151202,12.691539534376371,0.7624443001691292,positive_followup_proxy,[],Looking forward to trying these @Tesco kits! <media_or_link>,"@customer Happy cooking, save some Red Thai for me!",@Tesco Thanks! 😊
tesco-2939796,3,tesco-1856615,1856616,15.80922959490525,0.6955223562655144,no_customer_followup,[],@Tesco Oh thanks Brooke! It's E14 9RP. I'm looking forward to them!,"@customer Hi <name_redacted>, these are due to come out in November but no exact date as of yet! Thanks",
tesco-585177,1,tesco-2455618,2455618,13.741900469733254,0.8967546001323725,positive_followup_proxy,"[""over_public_length_limit""]",@Tesco any chance you have a link to the Merry Christmas everyone cover in the new Christmas advert? :),"@customer Hi there, I'm not certain of the artist covering Shaking Steven's Merry Christmas Everyone. I've passed your question to my support team to find out for you. :) TY @customer Hi there, the singer is an independent artists who at this moment would prefer to remain anonymous while she works on her own material. If you have any other queries please don't hesitate to get in touch :) Thanks, Lawrence","@Tesco Boo, well thanks for getting back to me."
tesco-585177,2,tesco-944419,944419,11.714873639836417,0.8336529116258695,positive_followup_proxy,[],"Well done team. Bag packing in Tesco, Bristol. Raising money for @customer <media_or_link>",@customer We hope everyone had fun raising some funds! Well done all 💪 #EveryLittleHelps,@Tesco Thanks for allowing us to be there. Would @Tesco like to match the funds raised? Every Little helps 👍🏻😀 Raising finds for @customer
tesco-585177,3,tesco-22224,22224,14.696173173575872,0.82,unclassified_followup,[],@Tesco what is up with the new Christmas POS. Everyone welcome? Where is the Christmas in that. <media_or_link>,@customer I do understand Adam. Can you please advise which store you saw this in? Thanks,@Tesco @customer don't want to offend no christmas believers do they.
tesco-514147,1,tesco-2025763,2025763,18.04106439876495,0.7804654494639678,no_customer_followup,[],@Tesco ordered xbox one x is it coming via dotcom or parcel force?,"@customer Hi there, I can see my colleague has responded to you in another thread. To avoid confusion I'll close this thread. Kind regards",
tesco-514147,2,tesco-1288314,1288324,11.88140208070984,0.7137526470036788,positive_followup_proxy,[],"@Tesco Hi <name_redacted>, thanks for your response. Sure thing - it's <number_redacted>. :)","@customer Hi <name_redacted>, please wait while I forward this to our support team.","@Tesco That's great, thank you Nick :)"
tesco-514147,3,tesco-1493830,1493831,11.766176217519687,0.7085763126735005,positive_followup_proxy,[],@Tesco Certainly can! <number_redacted> Cheers Olivia!,"@customer Hi <name_redacted>, I've made the store manager aware of this so they can also pass on your feedback:) Thanks, James.",@Tesco Wonderful 😀 thanks very much!
tesco-543244,1,tesco-1761460,1761460,25.474056341776247,0.69,private_handoff_without_outcome,"[""private_channel_request""]",@tesco why do you need to use palm oil in your bread? #PalmOil,"@customer Hi there, I'd like to look in to this for you. Can you please DM me and elaborate on your comment? TY",
tesco-543244,2,tesco-1168022,1168022,16.11907283931725,0.6488667070098233,positive_followup_proxy,"[""over_public_length_limit""]",@Tesco do you use a sustainable source for palm oil or am I going to have to boycott your biscuits?,"@customer Hi <name_redacted>, We use around 30,000 tonnes of palm oil in our UK own-brand products each year.1/3 @customer All of which comes from sources which advance the production of RSPO-certified sustainable palm oil.2/3 @customer As a company we made a commitment in 2007 to ensuring 100% of our palm oil would come from sustainable sources by the end of 2015. James.3/3",@Tesco That's great to hear!! Thank you :)
tesco-543244,3,tesco-1271237,1271237,19.35065491096226,0.5928900813478629,no_customer_followup,[],@Tesco Some of your products don't state that the palm oil is sustainable. You pledged to be 100% sustainable by 2015; is that the case pls?,@customer Hi <name_redacted>. You can read more about our Palm Oil commitments here: <media_or_link> Thank you.,
tesco-2520008,1,tesco-1318799,1318799,20.03760776834503,0.9543772792844438,positive_followup_proxy,[],@Tesco just wondering if any of your NI stores will be closing today with the storm?,"@customer Morning, <name_redacted>. As of right now all stores remain open, however, we will be assessing this as the day goes on. Ty",@Tesco thank u so much for your help and quick response
tesco-2520008,2,tesco-1916906,1916906,16.446675000146342,0.8156013944942442,positive_followup_proxy,[],@Tesco will you be stocking super Mario odyssey in stores and if so is there a time it will be available from?,"@customer Hi there, if you could tell me which store you were planning on visiting then I will be able to find this out for you. Thanks",@Tesco Hi there thanks it’s Tesco Springhill Birmingham
tesco-2520008,3,tesco-843340,843340,15.876109716283903,0.7935512177825537,positive_followup_proxy,[],@Tesco @sainsburys why don't you have gluten free sections in all your stores? 😩😭,"@customer Hi <name_redacted>, l'm sorry you've been unable to locate a gluten free section. Can you let me know which store you visited? TY",@Tesco I visited two stores near Tower Hill. It would be great to have a gluten free sections there
tesco-674362,1,tesco-1232291,1232291,24.68788662745721,0.79,no_customer_followup,[],Thank you so much @Tesco for your free fruit for kids offering whilst shopping today. My little one demolished her little orange,"@customer Hi <name_redacted>, glad they liked it so much, starting good habits early :D",
tesco-674362,2,tesco-2126915,2126915,20.41457134640075,0.6480632444022522,no_customer_followup,[],So impressed by @Tesco ‘s new scheme of free fruit for kids while they’re shopping to get them eating healthier,@customer Thanks for complimenting us on our campaign Lori :) #EveryLittleHelps #HealthierKids,
tesco-674362,3,tesco-1214562,1214562,18.499231298064267,0.5844458573275254,no_customer_followup,[],@Tesco Thank you for bringing back the shopping list option for online groceries. It makes things so much easier. 😊👍🏻,@customer Hey <name_redacted>. Thanks for your feedback. So good to hear you enjoy using <media_or_link> - Murray :),
tesco-2855849,1,tesco-1769491,1769491,21.284370903731514,0.64,private_handoff_without_outcome,"[""private_channel_request"", ""personal_data_request""]",@Tesco why don't you have any glittery Christmas wrapping paper this year???,"@customer Can you please DM me a few of your details such as full name, full address and I will get this logged. Thanks - Lee 2/2 @customer Hi there, sorry to hear we haven't got any glittery Christmas wrapping paper and I'd like me to log this for future review. 1/2",
tesco-2855849,2,tesco-1562398,1562400,11.12051178126875,0.608427962559217,positive_followup_proxy,[],"@Tesco Nothing specific, just to look at wrapping paper etc and Christmas tree decorations. I am an organised Christmas shopper ha ha. Grimsby x","@customer Thanks Emma, I've spoken to James our Duty Manager in Grimsby who's confirmed all Christmas stock is now on sale. I hope this helps, Leah.","@Tesco Yay✨.. what fast and great service from you this morning <name_redacted>, much appreciated !"
tesco-2855849,3,tesco-1016039,1016039,15.32276357427509,0.5603235847437131,no_customer_followup,[],Disappointed that I went in to @Tesco to get Christmas wrapping paper and they didn't have any 😩 #startingearly,@customer Hi Lizzie; sorry for the disappointment! Our Christmas range will be out in full once Halloween has passed :),
tesco-561011,1,tesco-2509725,2509725,19.047724328932834,0.8990999866755127,positive_followup_proxy,"[""private_channel_request""]","@Tesco Hi, <name_redacted> sent a private message, would somebody be able to answer it please 😊 thanks","@customer Hi <name_redacted>, I have replied to your DM. TY",@Tesco Thanks 😊
tesco-561011,2,tesco-1228084,1228091,14.548429863466652,0.717429606861006,positive_followup_proxy,"[""private_channel_request""]",@Tesco sent the message,@customer Hi <name_redacted>. I have responded to your DM's. :),@Tesco thank you for your message and help x
tesco-561011,3,tesco-2562710,2562711,14.548429863466652,0.717429606861006,positive_followup_proxy,"[""unsupported_backend_action""]",@Tesco Thanks message sent,@customer Hi <name_redacted>. I've updated your title on your card and sent you another replacement. It will have the correct details this time. You can keep using that card in the meantime though if you like and all the points will be shared. Thanks,@Tesco Thank you for your help
tesco-66073,1,tesco-1296872,1296872,13.546039788489386,0.7826874847251541,positive_followup_proxy,[],Just bought @customer from @Tesco stalybridge...something missing? 😆 <media_or_link>,"@customer Hi <name_redacted>, I'm very sorry to see this!! Are you able to return the item to store along with the receipt? 1/2 @customer Then we can investigate this fully and offer you a replacement! TY - Martin 2/2","@Tesco Yes, thank you 😊"
tesco-66073,2,tesco-832795,832795,13.435883065475148,0.7777864155303453,positive_followup_proxy,[],@Tesco you've let me down this morning. No chocolate twists. 😭😭😭 <media_or_link>,"@customer I can certainly feed this back Chopper, What store did you visits?","@Tesco Thanks Allyn, but I'm sure they have bigger things to worry about. Its probably done me a favour. 😉"
tesco-66073,3,tesco-1682828,1682828,12.107449291213948,0.7186820261638125,positive_followup_proxy,[],"@Tesco Hi, I take it that the £250 voucher 'to celebrate 98th anniversary' is a scam...?🤣🤣","@customer Can you please delete the message and please do not follow the link included in the message. Thanks, Jessica. 2/2 @customer I'm sorry that you've received this message. I can confirm that it isn't genuine and hasn't been sent by Tesco. 1/2",@Tesco Thanks for reply. Had already warned the friends who posted link to me. If it seems too good to be true...😉
tesco-1309014,1,tesco-1648615,1648617,15.95046112994342,0.618856675483441,unclassified_followup,[],@Tesco Thanks for a first class service today on our home delivery your the best 🏳️‍🌈,"@customer Thanks for letting us know, Frankie! It's always good to hear when we've made someone happy :) Charlotte",@Tesco You did <media_or_link>
tesco-1309014,2,tesco-1406762,1406760,16.666012601058398,0.6166191207785302,no_customer_followup,[],@Tesco Thanks called customer service cancelled my delivery saver,"@customer I'm glad my colleagues were able to help Sally, have a nice evening",
tesco-1309014,3,tesco-1224668,1224668,13.80734858697284,0.6157067594575122,positive_followup_proxy,"[""private_channel_request"", ""personal_data_request""]",I need to leave the house and my Tesco delivery is 45 minutes late this is VERY AGGRAVATING.,"@customer Hi there, sorry your delivery is running late. I totally understand your aggravation :( 1/2 @customer DM your full name, address and email address and I will chase it up for you #HappyToHelp - Julie 2/2","@Tesco Wouldn't normally mind but had places to be. Don't really want to dob in a probably minimum wage earner tho, thx"
tesco-477163,1,tesco-1017520,1017521,12.669999389810403,0.8999999999999998,positive_followup_proxy,"[""private_channel_request"", ""personal_data_request""]","@Tesco I have a coupon for Go Cat dry food, but my local stores don't seem to stock the kitten food :(","@customer Thanks Mathew, could you DM me a photo of both sides of the voucher, along with your full name, address and email address please? TY","@Tesco Thanks Barbara, I'll get that DM sorted later today. TY"
tesco-477163,2,tesco-1273714,1273715,10.58238307443436,0.8648898610062228,positive_followup_proxy,[],"@Tesco Hi there, sure it's the big Tesco Extra in Salford (near the Pure Gym)",@customer Hi there. I can confirm that Mario Odyssey will be available in this store tomorrow. :),@Tesco Fab thanks
tesco-477163,3,tesco-809072,809072,10.134430975810503,0.8358984846398614,positive_followup_proxy,[],@Tesco #halal I request a response from Tesco Are your customers now NOT GIVEN A CHOICE in ALL your UK stores? <media_or_link>,"@customer Hi <name_redacted>, here is our full policy. <media_or_link> I hope the information helps here. Kind regards","@Tesco @customer Well they can f off for my meat now then!!!! || @Tesco @customer 1. This ⬇️ implies that your policy on halal is unclear. <media_or_link> || @Tesco @customer 2. Tesco needs to show that people cannot un-knowingly buy un-stunned meat or it risks alienating 95% of its customer base. || @Tesco @customer What a bloody (pun intended) disgust! This halal crap is not welcome in Great Britain. For Tesco to pander to these people is disgraceful! || @Tesco @customer You stock meat from animals not stunned before slaughter. This is utterly unacceptable. || @Tesco @customer I will not be buying anymore meat from Tesco. Halal Is barbaric cruel, buy form your local butcher where you know what you are eating. || @Tesco @customer RSPCA On Religious slaughter. <media_or_link> || @Tesco @customer British Veterinary Association reinforced its opposition to slaughter without pre-stunning on welfare grounds, <media_or_link> || @Tesco @customer #Tesco's muddled policy on #halal meat. (ie: 'wot 'ee said'... ) Read here: <media_or_link> || @Tesco @customer @customer Why are our animal welfare laws disregarded for a tiny percentage of the population? So much for British values"
tesco-555580,1,tesco-1369637,1369637,21.081408308993957,0.69,private_handoff_without_outcome,"[""private_channel_request""]",Who knew that some @Tesco staff could be so rude🤷🏼‍♀️,"@customer Hi <name_redacted>, I'm sorry one of my colleagues was rude. Can you please DM me and elaborate on your comment? TY",
tesco-555580,2,tesco-1006151,993548,10.642423375002007,0.5939565554440942,positive_followup_proxy,[],@Tesco So is it just this store then? Thankyou for finding out for me!,"@customer Hi <name_redacted>, I can see that this has been discontinued in a number of our stores already not just the Kidlington branch. Ty","@Tesco Shame, thanks for all your help though! The mystery has been solved haha"
tesco-555580,3,tesco-1342270,1342270,14.075062856244692,0.5474753570992066,unclassified_followup,[],@Tesco @sainsburys @customer Can you help me? I’m an Aussie in Hammersmith who is desperate for some @customer Where is it sold?,"@customer Hi <name_redacted>, we sell Kraft Vegemite extract 200g. Can you let me know who your local store is, I can check it's availability :) Ty, Andy",@Tesco The store that’s closest to me is Hammersmith Superstore (according to your website) but I’ll travel wherever I have to to find Vegemite 😂
tesco-470973,1,tesco-1179795,1179795,14.26646816741583,0.6831902217746622,positive_followup_proxy,[],@Tesco hi do you know when the Clubcard vouchers on the app will be available to spend?,"@customer Hi <name_redacted>, the online statements will be available from the 30th of October :) Kind regards","@Tesco Ah ok thanks, why do they take so long I need them for tomorrow !"
tesco-470973,2,tesco-1318477,1318477,13.854161591310634,0.6686478252238901,positive_followup_proxy,[],@Tesco Are these being installed in all your stores ? <media_or_link>,@customer Hi <name_redacted>.Thanks for contacting us. We are looking in to this for you and will be in touch soon. Thanks,@Tesco Thank you || @Tesco Has this been forgotten now ?
tesco-470973,3,tesco-2613564,2613560,13.407422407111383,0.6528909618899028,positive_followup_proxy,[],@Tesco Managed to get another set of paw patrol socks :),@customer Glad to hear! Have a nice weekend,@Tesco Paw patrol range is great at Leeds Seacroft Extra. Going to have One very happy cousin this year #christmas || @Tesco After looking trough what I’ve bought today paw patrol range. The socks I asked you to ring up about are the exact same ones that you said the stores didn’t stock. I’m well happy now.
tesco-2832248,1,tesco-1515446,1515447,39.82073878483045,0.77,unclassified_followup,"[""over_public_length_limit""]",@Tesco It was Princess Alice retail park in Birmingham,"@customer HI Lottie, I am sorry to hear you didn't have the option to print of a receipt in the store, I have passed your comments to the manager. 1/2 @customer The tills will be checked, If it happens again please let a colleague know as they can print you one within 30 minutes of purchase.Ty, Andy",@Tesco Think you have misunderstood- it gave me a receipt. I wanted a ‘no reciept’ option to save uneccesary paper wastage
tesco-2832248,2,tesco-809041,809041,14.408115052143343,0.4766960107545339,positive_followup_proxy,[],@Tesco just refuelled at Newbury retail park. Met the amazing Carrie who offered to help me with screen wash as I was struggling. What a 🌟 <media_or_link>,@customer Wow!!! That looks amazing. I phoned the store and let Carrie know that she is a star :),"@Tesco Thank you! Amazing customer care. So impressed. Such a friendly, kind, caring individual. I thought she was a great ambassador for you brand"
tesco-2832248,3,tesco-737642,737642,14.218712420121076,0.4727957777855407,positive_followup_proxy,[],Hey @Tesco what’s the taurine for? Is this like red bull for cats? <media_or_link>,"@customer Hi <name_redacted>, we're looking into this for you and will be back as soon as possible as to why this is added @customer Hi Dan; Tauring helps to support a healthy heart and eyes in cats. I hope this is of some help - Mat :)",@Tesco Thanks! I appreciate you finding out 😀 || @Tesco @customer Does the cat grow wings? #RedBull
tesco-2937169,1,tesco-2540530,2540530,15.814377504805186,1.0,positive_followup_proxy,[],@Tesco re: the new lorry lines. “soles to Newcastle”. What’s the reference? Thanks A Southerner.,"@customer Hi <name_redacted>, I don't have that information available but I'm going to ask my support team. I'll reply here when I have the answer for you. Thanks, Lawrence",@Tesco Thanks Lawrence. So you didn't get the reference either?
tesco-2937169,2,tesco-1494158,1494161,14.4592054908064,0.9297322293500736,positive_followup_proxy,[],"@Tesco Hi <name_redacted> it would be the Metro store on Clayton St Newcastle, Gateshead Extra or Kingston Park Extra if Clayton St doesn't stock, thanks","@customer Hi <name_redacted>, I am very sorry, however after checking, these items are not on our store systems or on our website",@Tesco ok thanks for checking anyway
tesco-2937169,3,tesco-1239247,1239248,11.861502778479991,0.7950373149621743,positive_followup_proxy,[],@Tesco Great thank you.Is there any way at all of getting one delivered with my weekly home delivery please?I rarely get chance to go into a store!,"@customer Hi <name_redacted>, if you let us know on the day your delivery is due, we can call the store and ask them to include a magazine for you. TY","@Tesco Thank you so much, that would be amazing. I'll let you know once I've booked a slot for tomorrow. Thank you!"
tesco-464481,1,tesco-1752587,1752587,24.761097910977877,0.59,private_handoff_without_outcome,"[""private_channel_request"", ""personal_data_request"", ""over_public_length_limit""]",@Tesco this is the second week that the delivery is late!! 😡,"@customer Good evening, thank you for getting in touch, I'm sorry to hear that your delivery was late &amp; for the delay in my response. 1/3 @customer Please can you DM the time your order arrived, the full name, address &amp; email registered to your account? 2/3 @customer I will then look into this further and log your feedback to prevent this from happening again in the future. Kind regards- Hannah. 3/3",
tesco-464481,2,tesco-910757,910755,9.733979492749693,0.5023549784727427,positive_followup_proxy,[],@Tesco Not able to do that it’s booked in for 9am. Not leaving it another week,"@customer Hi <name_redacted>, you would need to speak to one of my colleagues in store before any work is done. I'm sorry for the inconvenience. TY",@Tesco that’s not great. It’s booked in for the only time available this weekend. Certainly not driving round in a car that stinks of sour milk
tesco-464481,3,tesco-851303,851303,15.83628027348467,0.49444160072967414,no_customer_followup,[],"No Fruit 'n Fibre for second week running. And still no stock. How come, @Tesco?","@customer Hi <name_redacted>, are you looking for the Tesco own brand or Kelloggs? Can you also confirm which store you visit? Kind regards",
tesco-1950433,1,tesco-1429990,1429996,20.956310175273916,0.9558451410435835,positive_followup_proxy,[],"@Tesco Exeter Tesco Metro, thank you! I spoke to one member of staff as feedback, who told a colleague who simply said ‘it’s vegan’ Right..? Thanks",@customer Hi <name_redacted>. Thank you for bringing this to our attention. I have alerted the store and they are moving them right now. Thanks Megan,@Tesco Thanks so much! 🌸 I’ve bought them before because it’s not obvious..!
tesco-1950433,2,tesco-1615158,1615161,19.371042956015938,0.8971553307177111,positive_followup_proxy,[],"@Tesco Defo removed from 2 local Express and 1 Metro, shelf labels all gone today 😞 what a wasted round trip 😪","@customer Hi <name_redacted>, it appears that this is currently unavailable. I'll check if this was a permanent removal or if it's expected to return. 1/2 @customer As soon as I have an answer for you, I'll let you know. Thanks - Paige 2/2",@Tesco Thanks cos if I have to go back to Heinz cans of Mac Cheese I’ll be boycotting Tesco 👍🏻
tesco-1950433,3,tesco-1391510,1391511,18.608954672636983,0.8689412755352568,positive_followup_proxy,[],@Tesco Yes of course. I regularly shop in Tesco and most staff are helpful and friendly but had a rubbish experience today,"@customer Hello <name_redacted>, I am sorry for miserable experience in the store.I have spoken to duty manager Allan. 1/2 @customer He will encourage colleagues to be more engaging with customers. TY - Eve 2/2",@Tesco Thank you very much for your quick response
tesco-2893970,1,tesco-1702265,1702275,16.4398959554183,0.8757727985289803,positive_followup_proxy,[],@Tesco Hey <name_redacted> ... You might want to change the front of your packaging ... I'm very disappointed especially as it's something I buy on a regular basis,@customer I am sorry for the disappointment caused Danny. We hope to have a better crop next time and get them back in the pack,@Tesco Well thanks for replying and explaining what was going on. That means a lot to an ordinary customer 😁
tesco-2893970,2,tesco-1951744,1951749,15.806878093445768,0.7989820809637451,positive_followup_proxy,"[""over_public_length_limit""]",@Tesco This is what it shows each time. It's not my cookies/cache - it's your website. I'm not the only one it happens to either. <media_or_link>,"@customer Hi <name_redacted>, I’m sorry to hear that our website has caused so much frustration for you. 1/4 @customer We are aware of the impact this is having on our customers as we have suffered from several issues since the last update. 2/4 @customer Please rest assured we are collecting all feedback about this and we're working hard to put this right as soon as possible. 3/4 @customer Please can you let me know your name, address, and email address so we can pass your feedback on to our IT team. 4/4","@Tesco Just done, thank you"
tesco-2893970,3,tesco-1573818,1573818,14.547678803323075,0.7956899788500686,positive_followup_proxy,[],"Uhm, @Tesco are you feeling ok? (Also @customer this may be one for you) <media_or_link>",@customer @customer Have you tried them? Let me know what you think!,"@Tesco @customer Nah thanks David, I might leave it to you!"
tesco-41745,1,tesco-265434,265438,18.00205188552316,0.8326638486226967,positive_followup_proxy,[],@Tesco The one in the town centre. Hope you can help,"@customer I'm afraid we are not able to get hold of the store at the moment Bee, I can assure you we will chase this up for you. TY @customer Hi <name_redacted>, the bird has been freed from our store :-)",@Tesco Thank you so much. This proves you are reliable and caring and I will continue to shop happily at Tesco and spread the word of this kind act
tesco-41745,2,tesco-1087901,1087902,17.093632662486854,0.7997291370664821,positive_followup_proxy,[],@Tesco It was the main one in Sale town centre.,"@customer Hi there, I've called the store and passed your thanks onto them. I'm glad they all had fun. :)",@Tesco Thank you for that! Year 2 had a super time!
tesco-41745,3,tesco-1735335,1735339,22.617588789819244,0.7399999999999999,no_customer_followup,"[""over_public_length_limit""]","@Tesco Thanks, Town Centre store","@customer Hi <name_redacted>, I'm so sorry for the delay. We've not had much luck getting the store. I'll try again tomorrow and get back to you ASAP @customer Hi <name_redacted>, thanks for your patience. There were small stock issues but these have now been resolved. (1/2) @customer You should not be able to get the tiger bread and I hope you enjoy it :) - Bryan (2/2)",
tesco-2967145,1,tesco-1121829,1121830,16.933770376498597,0.6146753227633841,no_customer_followup,[],"@Tesco Hi, it was the York Tadcaster Road store but it was a couple of days ago... :)","@customer Hi <name_redacted>, thanks for letting us know. I've spoken to Management who will check this now. :) Thanks",
tesco-2967145,2,tesco-2192857,2192857,19.27081503909553,0.6036475356063725,private_handoff_without_outcome,"[""private_channel_request""]","@Tesco just opened a box of mini éclairs, the cream inside tastes very sour almost like cheese!","@customer Hi there, I'm really sorry to read this :(. I've replied to the DM you've sent us to ask for further information. Best wishes. Mike",
tesco-2967145,3,tesco-891190,891190,21.539046429151636,0.5900000000000001,private_handoff_without_outcome,"[""private_channel_request"", ""personal_data_request"", ""over_public_length_limit""]",@Tesco I just bought some sour cream &amp; chive dip with three days left on the BBD it's totally gone off and I ate some before realising 🤢,"@customer Hi, <name_redacted> really sorry to hear this, I hope you're okay? I'd like to log this internally and issue you with a refund 1/3 @customer Could you DM me your name, email address as well as pictures of the barcode, date, supplier code and your receipt? 2/3 @customer Also, would it be okay to pass your details on to our supplier in case they wish to contact you? TY - Peter 3/3","@Tesco Hello <name_redacted>, I'm fine, it was just gross! 🤢 have sent a DM with the details!"
